date,equity_nav,debt_nav,hybrid_nav,liquid_nav
2018-01-01,40.37,62.702,35.051,149.4635
2018-01-02,40.286,62.211,34.952,149.4785
2018-01-03,40.3487,62.478,34.986,149.5011
2018-01-04,40.6383,62.986,35.181,149.4562
2018-01-05,40.8094,63.669,35.434,149.6129
2018-01-08,41.1324,64.014,35.708,149.663
2018-01-09,41.091,63.934,35.659,149.6376
2018-01-10,40.95,63.748,35.576,149.4919
2018-01-11,40.9891,63.824,35.561,149.4769
2018-01-12,41.0028,63.812,35.62,149.4891
2018-01-15,41.1095,63.814,35.731,149.6009
2018-01-16,40.8303,62.88,35.407,149.44
2018-01-17,41.1353,63.109,35.645,149.6553
2018-01-18,41.0594,62.11,35.609,149.6057
2018-01-19,41.291,62.686,35.79,149.6247
2018-01-22,41.3983,62.97,35.927,149.6942
2018-01-23,41.6117,63.367,36.212,149.8059
2018-01-24,41.5188,63.425,36.116,149.783
2018-01-25,41.3073,62.716,35.986,149.7498
2018-01-29,41.4514,61.992,36.023,149.7264
2018-01-30,41.1831,61.687,35.862,149.6944
2018-01-31,41.0463,61.111,35.786,149.7354
2018-02-01,41.1714,61.076,35.888,149.4309
2018-02-02,40.0677,59.106,34.846,149.4766
2018-02-05,39.7675,58.9,34.564,149.5419
2018-02-06,39.2315,58.175,34.162,149.6109
2018-02-07,39.3257,58.668,34.257,149.7571
2018-02-08,39.7258,59.397,34.565,149.8999
2018-02-09,39.3902,59.466,34.269,149.9118
2018-02-12,39.7554,60.259,34.582,149.9962
2018-02-14,39.7243,60.231,34.511,150.0741
2018-02-15,39.7438,59.82,34.585,149.9765
2018-02-16,39.409,59.42,34.216,150.0015
2018-02-19,39.059,58.746,33.936,
2018-02-20,38.97,58.618,33.917,149.9696
2018-02-21,38.9813,58.781,33.959,149.9303
2018-02-22,38.9014,58.562,33.839,149.8158
2018-02-23,39.4091,59.309,34.229,149.9491
2018-02-26,39.9194,59.629,34.638,149.9922
2018-02-27,39.8297,59.397,34.557,140.649
2018-02-28,39.6838,59.549,34.406,140.6412
2018-03-01,39.5256,59.399,34.227,140.6243
2018-03-05,39.2653,59.025,33.947,140.7265
2018-03-06,38.8559,58.494,33.647,140.77
2018-03-07,38.4825,57.883,33.279,140.9803
2018-03-08,38.7595,58.367,33.569,141.0882
2018-03-09,38.739,58.366,33.507,141.0964
2018-03-12,39.3005,58.625,33.981,141.271
2018-03-13,39.4677,59.192,34.172,141.3517
2018-03-14,39.4289,59.15,34.122,141.3686
2018-03-15,39.4178,59.305,34.024,141.4873
2018-03-16,38.928,58.707,33.495,141.6912
2018-03-19,38.5416,57.749,33.221,141.7148
2018-03-20,38.6806,57.926,33.314,141.7269
2018-03-21,38.7823,57.977,33.418,141.7391
2018-03-22,38.5903,57.776,33.254,141.7848
2018-03-23,38.2003,57.068,32.91,141.8272
2018-03-26,38.8001,57.676,33.351,141.858
2018-03-27,39.1908,58.189,33.605,142.3556
2018-03-28,39.0107,57.893,33.477,142.4392
2018-04-02,39.5184,59.097,33.79,
2018-04-03,39.7883,59.936,33.996,142.7428
2018-04-04,39.2531,59.348,33.68,142.7382
2018-04-05,40.0059,60.311,34.325,143.1275
2018-04-06,40.1021,60.656,34.444,143.1533
2018-04-09,40.3132,60.917,34.595,143.1851
2018-04-10,40.3471,60.896,34.647,142.9838
2018-04-11,40.296,61.138,34.601,142.7892
2018-04-12,40.3781,60.969,34.645,142.8123
2018-04-13,40.3785,61.145,34.639,142.8596
2018-04-16,40.6486,61.448,34.804,142.9083
2018-04-17,40.7474,61.641,34.855,142.9028
2018-04-18,40.6038,61.523,34.762,142.8035
2018-04-19,40.8015,61.791,34.833,142.5817
2018-04-20,40.6853,61.701,34.67,142.3818
2018-04-23,40.8613,62.174,34.754,142.3797
2018-04-24,40.9258,61.954,34.951,142.3569
2018-04-25,40.7643,61.771,34.736,142.2185
2018-04-26,40.8991,61.961,34.748,142.1109
2018-04-27,41.0825,62.439,35.016,142.0784
2018-04-30,41.3129,63.019,35.08,
2018-05-02,41.0297,62.208,34.859,142.3015
2018-05-03,40.7105,61.914,34.665,142.3179
2018-05-04,40.4895,61.56,34.567,142.3165
2018-05-07,40.8425,61.915,34.873,142.4808
2018-05-08,40.8213,62.144,34.955,142.5187
2018-05-09,40.7644,61.661,34.887,142.3563
2018-05-10,40.594,60.917,34.718,142.3077
2018-05-11,40.9461,61.141,35.047,142.2857
2018-05-14,40.8448,60.874,35.06,142.2398
2018-05-15,40.7449,60.544,34.913,142.0914
2018-05-16,40.4632,60.565,34.723,141.9575
2018-05-17,40.3125,60.717,34.69,141.9005
2018-05-18,39.8571,59.962,34.363,142.0857
2018-05-21,39.4297,58.954,33.986,142.1174
2018-05-22,39.5976,59.222,34.068,142.1472
2018-05-23,39.2701,58.817,33.849,142.1357
2018-05-24,39.475,58.634,34.013,142.1165
2018-05-25,40.0021,59.304,34.381,142.2487
2018-05-28,40.4839,60.031,34.734,142.4224
2018-05-29,40.2233,59.874,34.624,142.4726
2018-05-30,40.1325,59.711,34.592,142.5296
2018-05-31,40.4371,59.811,34.846,142.42
2018-06-01,40.233,59.21,34.611,142.3674
2018-06-04,39.9634,58.726,34.366,142.3998
2018-06-05,39.7106,57.753,34.26,142.4665
2018-06-06,40.1525,58.37,34.565,142.3972
2018-06-07,40.3916,59.142,34.889,142.2812
2018-06-08,40.3576,59.354,34.92,142.4035
2018-06-11,40.4191,59.457,34.989,142.4551
2018-06-12,40.6473,59.892,35.242,142.4837
2018-06-13,40.551,59.78,35.233,142.5907
2018-06-14,40.4903,59.793,35.107,142.6874
2018-06-15,40.3918,59.506,35.01,142.7832
2018-06-18,40.3103,59.212,34.919,142.9393
2018-06-19,39.9949,58.789,34.662,142.9936
2018-06-20,40.1072,58.939,34.794,143.0785
2018-06-21,39.9291,58.644,34.681,143.2127
2018-06-22,40.2039,58.683,34.948,143.2155
2018-06-25,39.8778,58.439,34.818,143.2898
2018-06-26,39.9209,58.269,34.87,143.3068
2018-06-27,39.4568,57.603,34.449,143.2581
2018-06-28,39.0771,56.498,34.125,143.195
2018-06-29,39.4868,57.404,34.584,143.2428
2018-07-02,39.2032,57.419,34.427,143.3715
2018-07-03,39.4108,57.829,34.594,143.418
2018-07-04,39.5158,57.907,34.84,143.5283
2018-07-05,39.4725,57.587,34.757,143.5272
2018-07-06,39.597,57.935,34.91,143.5656
2018-07-09,39.8536,58.877,35.162,143.6666
2018-07-10,40.2034,59.358,35.434,143.7153
2018-07-11,39.9197,59.433,35.326,143.7636
2018-07-12,40.0382,59.411,35.544,143.9137
2018-07-13,39.947,58.857,35.445,143.9932
2018-07-16,39.5155,57.744,35.057,144.0332
2018-07-17,39.9913,58.601,35.376,144.1534
2018-07-18,39.8161,57.99,35.235,144.1784
2018-07-19,39.555,57.518,35.14,144.1604
2018-07-20,39.7702,57.945,35.48,144.1651
2018-07-23,40.1246,58.506,35.721,144.2217
2018-07-24,40.4625,59.273,36.047,144.2543
2018-07-25,40.4462,59.094,36.062,144.2857
2018-07-26,40.7181,59.52,36.242,144.3561
2018-07-27,41.085,59.746,36.534,144.3967
2018-07-30,41.1984,59.841,36.594,144.4708
2018-07-31,41.3079,60.102,36.754,144.5473
2018-08-01,41.3099,60.276,36.733,144.6898
2018-08-02,41.0117,60.223,36.559,144.717
2018-08-03,41.2313,60.907,36.763,144.6829
2018-08-06,41.3099,60.941,36.839,144.7287
2018-08-07,41.2406,60.701,36.735,144.736
2018-08-08,41.3776,60.784,36.87,144.7751
2018-08-09,41.3858,60.675,36.989,144.8547
2018-08-10,41.2722,60.384,36.835,144.8834
2018-08-13,41.0278,60.071,36.574,144.8638
2018-08-14,41.2547,60.704,36.774,144.8983
2018-08-16,41.044,60.744,36.68,144.8889
2018-08-17,41.4386,61.257,36.911,
2018-08-20,41.7892,61.372,37.234,145.0363
2018-08-21,41.827,61.725,37.338,145.0737
2018-08-23,41.8101,61.662,37.363,145.063
2018-08-24,41.6485,61.341,37.277,145.0713
2018-08-27,42.0534,61.569,37.69,145.1487
2018-08-28,42.1169,61.6,37.749,145.1743
2018-08-29,42.0963,61.646,37.745,145.1777
2018-08-30,42.1133,61.921,37.68,145.153
2018-08-31,42.252,62.014,37.689,145.157
2018-09-03,42.0538,61.495,37.377,145.1981
2018-09-04,41.4547,60.2,36.938,145.091
2018-09-05,41.1725,59.893,36.687,145.064
2018-09-06,41.3395,60.183,36.81,145.0798
2018-09-07,41.6283,60.57,37.143,145.1503
2018-09-10,40.9791,59.99,36.703,145.0029
2018-09-11,40.3946,59.201,36.252,144.9724
2018-09-12,40.6412,59.348,36.379,144.9921
2018-09-14,41.2969,60.056,36.805,145.0718
2018-09-17,40.8324,59.712,36.346,145.1591
2018-09-18,40.4405,58.836,35.958,145.1769
2018-09-19,40.241,58.36,35.779,145.2511
2018-09-21,39.8429,57.561,35.584,145.2703
2018-09-24,38.8677,56.362,34.848,145.129
2018-09-25,39.316,56.162,35.063,145.0404
2018-09-26,39.3703,56.218,35.199,145.1397
2018-09-27,38.9374,55.185,34.898,145.5014
2018-09-28,38.632,54.507,34.601,145.6347
2018-10-01,38.8003,54.627,34.718,145.82
2018-10-03,38.3086,54.184,34.219,145.7273
2018-10-04,37.5915,53.174,33.584,145.5923
2018-10-05,36.5693,52.111,32.753,145.947
2018-10-08,36.449,51.352,32.792,146.0791
2018-10-09,36.2935,51.018,32.687,145.9393
2018-10-10,37.0557,52.906,33.393,145.9908
2018-10-11,36.2729,51.984,32.713,146.0455
2018-10-12,37.1307,53.052,33.437,146.0817
2018-10-15,37.2435,53.326,33.454,146.2801
2018-10-16,37.5182,53.924,33.804,146.3846
2018-10-17,37.0276,52.922,33.266,146.3738
2018-10-19,36.702,52.545,32.791,146.4328
2018-10-22,36.5676,52.036,32.519,146.5009
2018-10-23,36.2092,51.494,32.222,146.5481
2018-10-24,36.5746,52.023,32.417,146.6004
2018-10-25,36.2238,51.923,32.195,146.6004
2018-10-26,36.0379,51.879,32.082,146.59
2018-10-29,36.8149,52.925,32.845,146.7445
2018-10-30,36.7555,53.245,32.835,146.7452
2018-10-31,37.4795,54.022,33.432,146.7339
2018-11-01,37.6531,54.399,33.619,146.8128
2018-11-02,38.3616,54.428,34.036,146.9597
2018-11-05,38.3097,54.046,34.039,147.0216
2018-11-06,38.225,53.77,33.985,147.0712
2018-11-09,38.623,54.413,34.208,147.2208
2018-11-12,38.1302,53.996,33.835,147.2561
2018-11-13,38.4275,54.122,34.08,147.3771
2018-11-14,38.3869,54.1,34.122,147.492
2018-11-15,38.521,54.302,34.323,147.5302
2018-11-16,38.7483,54.248,34.437,147.4611
2018-11-19,38.9387,54.493,34.59,147.5923
2018-11-20,38.5878,54.064,34.382,147.635
2018-11-21,38.5962,54.181,34.302,
2018-11-22,38.3438,54.059,34.09,147.8603
2018-11-26,38.6395,54.106,34.361,147.9388
2018-11-27,38.7599,54.52,34.549,147.9633
2018-11-28,38.7012,54.223,34.601,148.1433
2018-11-29,39.1089,54.569,34.868,148.2735
2018-11-30,39.1751,54.804,34.986,148.3579
2018-12-03,39.056,54.836,35.013,148.4128
2018-12-04,38.9836,54.908,34.949,148.5429
2018-12-05,38.5315,54.566,34.668,148.846
2018-12-06,37.9522,53.887,34.235,149.0535
2018-12-07,38.2026,53.964,34.375,149.0015
2018-12-10,37.5795,53.07,33.811,148.7642
2018-12-11,37.811,53.825,34.065,148.8009
2018-12-12,38.6458,54.992,34.679,149.0278
2018-12-13,38.9269,55.267,34.933,149.0154
2018-12-14,38.9129,55.319,35.003,148.9564
2018-12-17,39.1717,55.52,35.301,149.0283
2018-12-18,39.2883,55.602,35.406,149.195
2018-12-19,39.572,56.254,35.646,149.5278
2018-12-20,39.6448,56.078,35.571,149.5464
2018-12-21,39.0245,55.529,35.029,149.563
2018-12-24,38.6496,55.213,34.714,149.6544
2018-12-26,38.8484,55.159,34.851,149.8596
2018-12-27,38.9596,55.42,35.022,149.9247
2018-12-28,39.3128,55.991,35.254,149.7844
2018-12-31,39.3292,56.328,35.297,149.9206
2019-01-01,39.4101,56.381,35.432,149.8452
2019-01-02,39.0522,55.825,35.157,149.9431
2019-01-03,38.624,55.489,34.851,149.8859
2019-01-04,38.7636,55.657,34.942,149.8954
2019-01-07,38.8535,55.674,35.029,149.9279
2019-01-08,38.9681,55.534,35.145,150.0955
2019-01-09,39.1856,55.601,35.22,150.1373
2019-01-10,39.2165,55.839,35.231,150.1803
2019-01-11,39.1278,55.683,35.085,150.2791
2019-01-14,38.9433,55.604,34.837,150.456
2019-01-15,39.2608,55.654,35.146,150.4854
2019-01-16,39.2135,55.588,35.229,150.4555
2019-01-17,39.2477,55.434,35.28,150.4768
2019-01-18,39.0216,55.285,35.12,150.4759
2019-01-21,39.0483,55.068,35.204,150.3954
2019-01-22,38.9078,54.974,35.127,150.5028
2019-01-23,38.5183,54.743,34.957,150.5101
2019-01-24,38.5194,54.641,34.993,150.5348
2019-01-25,38.2749,53.992,34.691,150.5547
2019-01-28,37.8178,53.4,34.193,150.6576
2019-01-29,37.7756,53.4,34.163,150.6845
2019-01-30,37.914,53.735,34.422,150.6693
2019-01-31,38.4547,53.918,34.871,150.7049
2019-02-01,38.6033,54.104,34.966,150.5492
2019-02-04,38.4977,53.909,34.952,150.5633
2019-02-05,38.5678,53.654,34.987,150.5966
2019-02-06,38.9247,53.52,35.31,150.6666
2019-02-07,39.0809,53.822,35.313,150.9077
2019-02-08,38.6405,53.216,34.986,151.009
2019-02-11,38.2703,52.729,34.664,151.0908
2019-02-12,38.0625,52.62,34.493,151.05
2019-02-13,37.929,52.567,34.279,151.3451
2019-02-14,37.7724,52.518,34.22,151.2698
2019-02-15,37.5736,52.317,34.09,151.1932
2019-02-18,37.2654,51.843,33.899,151.131
2019-02-19,37.2723,51.964,33.833,
2019-02-20,37.6922,52.336,34.183,151.2149
2019-02-21,37.899,52.759,34.392,151.2293
2019-02-22,38.023,52.922,34.446,151.2599
2019-02-25,38.3826,53.269,34.72,151.3599
2019-02-26,38.2575,53.273,34.622,151.362
2019-02-27,38.292,53.396,34.684,151.2991
2019-02-28,38.3432,53.776,34.7,151.357
2019-03-01,38.6217,54.528,34.986,151.443
2019-03-05,39.2231,55.716,35.542,151.6357
2019-03-06,39.4911,56.093,35.776,151.7285
2019-03-07,39.4673,56.005,35.813,151.8551
2019-03-08,39.4359,55.839,35.81,151.9735
2019-03-11,40.0264,56.778,36.25,152.1524
2019-03-12,40.3494,57.362,36.593,152.2662
2019-03-13,40.4751,57.216,36.719,152.2831
2019-03-14,40.4347,57.187,36.649,152.4552
2019-03-15,40.7199,57.654,36.903,152.5838
2019-03-18,40.797,57.533,37.042,152.7412
2019-03-19,40.9898,57.805,37.234,152.7005
2019-03-20,40.9083,57.681,37.2,152.7699
2019-03-22,40.7309,57.337,37.061,152.9006
2019-03-25,40.3872,57.091,36.717,142.4171
2019-03-26,40.7814,57.726,37.145,142.4063
2019-03-27,40.8031,58.28,37.088,142.4266
2019-03-28,41.2192,58.779,37.533,142.444
2019-03-29,41.4875,59.405,37.719,142.8143
2019-04-01,41.644,59.492,37.805,
2019-04-02,41.6136,59.482,37.877,143.2454
2019-04-03,41.3287,58.951,37.565,143.216
2019-04-04,41.2505,58.881,37.43,143.0993
2019-04-05,41.487,59.131,37.639,142.9577
2019-04-08,41.2566,58.794,37.409,142.8229
2019-04-09,41.4771,58.738,37.577,142.8298
2019-04-10,41.2209,58.834,37.395,142.9046
2019-04-11,41.3152,58.698,37.379,142.8471
2019-04-12,41.5087,58.627,37.595,142.8054
2019-04-15,41.6703,58.833,37.714,142.7628
2019-04-16,42.0196,58.913,38.068,142.7755
2019-04-18,41.8101,58.637,37.984,142.8003
2019-04-22,41.2162,57.967,37.416,142.7099
2019-04-23,41.1094,58.09,37.344,142.717
2019-04-24,41.524,58.225,37.7,142.817
2019-04-25,41.388,57.95,37.54,142.7254
2019-04-26,41.7096,57.906,37.918,142.8116
2019-04-30,41.7626,57.569,37.922,142.9462
2019-05-02,41.6281,56.993,37.826,142.9669
2019-05-03,41.6448,56.967,37.775,142.9162
2019-05-06,41.2773,56.632,37.456,143.0201
2019-05-07,41.0275,56.405,37.153,143.0787
2019-05-08,40.6447,55.846,36.797,143.1504
2019-05-09,40.4692,55.819,36.695,143.18
2019-05-10,40.3902,55.946,36.682,143.2079
2019-05-13,39.8652,54.983,36.173,143.3346
2019-05-14,40.0481,55.135,36.382,143.4783
2019-05-15,40.0242,54.712,36.308,143.5038
2019-05-16,40.2667,54.806,36.456,143.5546
2019-05-17,40.7385,55.175,36.972,143.6887
2019-05-20,42.2982,56.582,38.286,143.9976
2019-05-21,41.8632,56.48,37.97,144.0003
2019-05-22,42.0361,56.487,38.079,144.0646
2019-05-23,41.944,56.569,38.074,144.3538
2019-05-24,42.8152,57.602,38.83,144.51
2019-05-27,43.3223,58.347,39.298,145.0011
2019-05-28,43.2905,58.369,39.255,145.1418
2019-05-29,42.9527,57.943,39.025,145.1587
2019-05-30,43.2369,58.298,39.243,145.1312
2019-05-31,43.2082,58.467,39.206,145.5041
2019-06-03,43.6088,58.675,39.619,145.7548
2019-06-04,43.4098,58.563,39.513,145.6843
2019-06-06,42.7049,57.722,38.681,146.0295
2019-06-07,42.8594,57.772,38.764,145.8035
2019-06-10,42.9712,57.749,38.953,145.5955
2019-06-11,43.1283,58.043,39.069,145.6404
2019-06-12,42.8352,57.642,38.834,145.775
2019-06-13,42.9844,57.271,38.889,145.8517
2019-06-14,42.6883,56.959,38.574,146.087
2019-06-17,42.1768,56.531,38.045,146.1223
2019-06-18,42.3698,56.548,38.224,146.4654
2019-06-19,42.2492,56.27,38.103,146.5025
2019-06-20,42.6956,56.749,38.609,146.6796
2019-06-21,42.4161,56.72,38.411,146.4745
2019-06-24,42.4252,56.593,38.317,146.4771
2019-06-25,42.7413,57.009,38.569,146.3663
2019-06-26,42.9305,57.327,38.778,146.2151
2019-06-27,43.0075,57.442,38.828,146.3061
2019-06-28,42.9341,57.43,38.701,146.3797
2019-07-01,43.1792,57.621,38.829,146.3903
2019-07-02,43.284,57.587,38.92,146.4817
2019-07-03,43.3131,57.583,38.98,146.678
2019-07-04,43.4728,57.479,39.118,146.9134
2019-07-05,42.976,56.826,38.657,147.2972
2019-07-08,42.0128,55.792,37.833,147.8277
2019-07-09,42.1432,55.692,37.963,147.8228
2019-07-10,41.7893,55.424,37.696,148.0034
2019-07-11,42.0752,55.698,37.921,148.2166
2019-07-12,42.0436,56.031,37.883,148.2944
2019-07-15,42.0032,55.56,37.861,148.5678
2019-07-16,42.2405,55.752,38.08,148.9102
2019-07-17,42.3717,55.635,38.108,148.8778
2019-07-18,42.0304,55.164,37.747,148.8109
2019-07-19,41.421,54.081,37.131,148.8542
2019-07-22,41.1175,53.715,37.012,148.7174
2019-07-23,41.066,53.712,37.019,148.6097
2019-07-24,40.7669,53.329,36.618,148.6858
2019-07-25,40.8677,53.425,36.658,148.3413
2019-07-26,41.0423,53.334,36.899,148.3704
2019-07-29,40.7286,52.866,,148.7487
2019-07-30,40.3886,52.236,36.285,148.892
2019-07-31,40.6244,52.727,36.423,149.0512
2019-08-01,40.0827,52.446,35.968,149.0367
2019-08-02,39.9901,52.477,36.002,149.3724
2019-08-05,39.5093,51.787,35.519,149.2155
2019-08-06,39.9819,52.431,35.951,149.4147
2019-08-07,39.6318,52.343,35.634,149.5577
2019-08-08,40.1691,52.807,36.061,149.6843
2019-08-09,40.4949,52.999,36.306,149.4248
2019-08-13,39.5055,52.161,35.758,149.4511
2019-08-14,39.9217,52.378,36.184,149.0809
2019-08-16,40.0138,52.219,36.284,149.3311
2019-08-19,39.9985,52.441,36.369,149.373
2019-08-20,39.8098,52.218,36.146,149.4864
2019-08-21,39.5694,51.567,35.838,149.6765
2019-08-22,38.9842,51.065,35.296,149.8404
2019-08-23,39.2341,51.517,35.541,149.9347
2019-08-26,40.0993,52.211,36.28,150.2418
2019-08-27,40.3792,52.582,36.519,150.2496
2019-08-28,40.272,52.174,36.314,150.1914
2019-08-29,39.9747,52.019,36.002,150.0625
2019-08-30,40.1581,52.423,36.241,150.1076
2019-09-03,39.4775,51.77,35.512,150.4088
2019-09-04,39.7635,51.785,35.68,150.4906
2019-09-05,39.7795,52.002,35.727,150.4076
2019-09-06,40.0923,52.426,36.003,150.3414
2019-09-09,40.3082,52.667,36.194,150.5778
2019-09-11,40.4395,52.963,36.343,150.4797
2019-09-12,40.3662,52.953,36.284,150.3828
2019-09-13,40.7418,53.124,36.63,150.4937
2019-09-16,40.446,52.989,36.444,150.4476
2019-09-17,39.731,52.12,35.835,150.3688
2019-09-18,39.8628,52.403,35.976,150.6191
2019-09-19,39.4365,51.794,35.482,150.6828
2019-09-20,41.6069,54.484,37.455,150.0993
2019-09-23,42.75,55.813,38.528,150.1778
2019-09-24,42.5449,55.813,38.435,150.1503
2019-09-25,41.9419,55.144,37.942,150.1731
2019-09-26,42.7153,55.458,38.416,150.2039
2019-09-27,42.5874,55.189,38.232,150.2231
2019-09-30,42.4192,54.687,38.012,150.4539
2019-10-01,42.0248,53.604,37.613,150.5812
2019-10-03,41.9213,53.497,37.418,150.7936
2019-10-04,41.3136,53.13,36.936,150.7287
2019-10-07,41.0956,52.907,36.757,150.8064
2019-10-09,41.7583,53.326,37.379,150.861
2019-10-10,41.3603,52.875,37.09,150.8965
2019-10-11,41.5828,52.916,37.197,150.938
2019-10-14,41.7633,53.166,37.319,151.0676
2019-10-15,42.0506,53.15,37.541,151.1294
2019-10-16,42.1378,53.124,37.64,151.2289
2019-10-17,42.5623,53.837,38.052,151.266
2019-10-18,42.8287,54.715,38.342,151.4029
2019-10-22,42.8413,54.814,38.309,151.5632
2019-10-23,42.8893,54.859,38.348,151.6974
2019-10-24,42.8566,54.714,38.292,151.7896
2019-10-25,42.8985,54.567,38.236,151.8433
2019-10-29,43.5929,55.394,38.833,151.965
2019-10-30,43.8908,55.435,39.124,152.1072
2019-10-31,43.8457,55.957,39.181,152.3324
2019-11-01,43.8438,56.18,39.185,152.4285
2019-11-04,43.8565,56.05,39.251,152.4901
2019-11-05,43.6352,55.526,39.02,152.4692
2019-11-06,43.887,55.213,39.228,152.4607
2019-11-07,43.9667,55.585,39.41,152.4911
2019-11-08,43.7014,55.364,39.302,152.3985
2019-11-11,43.8,55.49,39.424,152.4214
2019-11-13,43.4769,55.222,39.277,152.5581
2019-11-14,43.6666,55.371,39.401,152.6957
2019-11-15,43.8135,55.863,39.448,152.7979
2019-11-18,43.6909,56.171,39.371,152.9316
2019-11-19,43.733,56.178,39.452,152.9853
2019-11-20,43.8498,56.311,39.75,153.0708
2019-11-21,43.6845,55.989,39.587,153.0927
2019-11-22,43.5294,55.972,39.33,153.1436
2019-11-25,44.0276,56.317,39.711,153.296
2019-11-26,43.9844,55.837,39.611,153.3485
2019-11-27,44.1156,56.148,39.834,153.3903
2019-11-28,44.2229,56.639,40.079,153.4934
2019-11-29,43.9312,56.65,39.849,153.5381
2019-12-02,43.8467,56.402,39.882,153.6046
2019-12-03,43.6393,56.087,39.64,153.6259
2019-12-04,43.7524,56.263,39.715,153.7405
2019-12-05,43.6265,56.284,39.549,153.2483
2019-12-06,43.2579,55.669,39.265,153.1405
2019-12-09,43.349,55.629,39.316,153.1183
2019-12-10,43.0594,55.116,39.019,153.0738
2019-12-11,43.1744,55.34,39.184,152.9832
2019-12-12,43.5285,55.723,39.342,152.9682
2019-12-13,43.9567,56.117,39.737,152.8576
2019-12-16,43.8381,55.894,39.669,152.9814
2019-12-17,44.0917,56.0,39.928,153.0346
2019-12-18,44.2562,55.888,39.968,153.1337
2019-12-19,44.3314,55.886,40.087,153.1526
2019-12-20,44.4676,55.855,40.233,153.4572
2019-12-23,44.3636,55.855,40.159,153.5537
2019-12-24,44.2442,55.942,40.013,153.5626
2019-12-26,44.008,56.137,39.856,153.5576
2019-12-27,44.4024,56.729,40.197,153.6346
2019-12-30,44.45,56.87,40.198,153.701
2019-12-31,44.2325,56.847,40.013,153.7054
2020-01-01,44.2574,56.894,40.029,153.8193
2020-01-02,44.6484,57.51,40.427,153.8742
2020-01-03,44.3713,57.333,40.302,154.0323
2020-01-06,43.5184,56.337,39.615,154.0036
2020-01-07,43.7636,56.633,39.868,154.0751
2020-01-08,43.7077,56.553,39.937,154.127
2020-01-09,44.4054,57.422,40.478,154.2202
2020-01-10,44.5881,57.528,40.579,154.1672
2020-01-13,44.8066,57.812,40.793,154.2362
2020-01-14,44.9,58.229,40.865,154.1151
2020-01-15,44.9114,58.71,40.95,154.1889
2020-01-16,45.0285,59.152,41.01,154.2713
2020-01-17,44.9569,59.632,41.065,154.3249
2020-01-20,44.5467,59.216,40.689,154.4228
2020-01-21,44.3,59.235,40.606,154.4776
2020-01-22,44.1933,59.08,40.46,154.5903
2020-01-23,44.633,59.474,40.926,154.6714
2020-01-24,45.0112,59.735,41.355,154.749
2020-01-27,44.7343,59.753,41.104,154.8703
2020-01-28,44.5504,59.762,40.989,154.9202
2020-01-29,44.8418,59.985,41.103,154.8904
2020-01-30,44.572,59.768,40.801,154.9146
2020-01-31,44.3611,59.557,40.511,154.9392
2020-02-03,43.1412,58.479,39.824,155.2432
2020-02-04,44.0984,59.035,40.534,155.3587
2020-02-05,44.5834,59.477,41.022,155.3768
2020-02-06,44.8085,59.682,41.186,155.9182
2020-02-07,44.7394,60.241,41.152,156.3627
2020-02-10,44.319,59.928,40.94,156.5138
2020-02-11,44.5039,59.851,41.045,156.5581
2020-02-12,44.7122,59.867,41.253,156.5516
2020-02-13,44.5884,59.901,41.104,156.7233
2020-02-14,44.3462,59.919,40.876,156.828
2020-02-17,44.0249,59.595,40.661,157.0124
2020-02-18,43.8626,59.342,40.622,156.9444
2020-02-19,44.3534,60.276,41.071,
2020-02-20,44.3041,60.969,41.011,156.9353
2020-02-24,43.436,60.153,40.27,157.1105
2020-02-25,43.2774,59.845,40.129,157.0423
2020-02-26,42.8508,59.281,39.737,147.7681
2020-02-27,42.6363,58.951,39.581,147.6783
2020-02-28,41.2981,57.395,38.223,147.542
2020-03-02,41.076,57.042,37.86,147.6198
2020-03-03,41.7057,57.825,38.477,147.6457
2020-03-04,41.332,56.837,38.133,148.0648
2020-03-05,41.3667,56.956,38.246,148.039
2020-03-06,40.519,55.836,37.404,148.22
2020-03-09,39.0039,53.938,35.731,148.1911
2020-03-11,38.9105,53.525,35.594,147.9299
2020-03-12,35.702,49.758,32.851,147.1302
2020-03-13,36.8693,50.786,33.978,146.4248
2020-03-16,34.5136,47.965,31.616,146.3857
2020-03-17,33.7795,46.895,30.87,145.7796
2020-03-18,32.0292,44.579,29.213,145.1779
2020-03-19,31.1852,42.913,28.214,143.9765
2020-03-20,32.5202,44.46,29.677,144.6272
2020-03-23,28.3329,38.72,25.927,143.7194
2020-03-24,28.8656,39.075,26.395,143.8304
2020-03-25,30.643,40.119,27.839,
2020-03-26,31.7946,41.319,28.82,144.1796
2020-03-27,31.7481,41.446,28.841,147.851
2020-03-30,30.5545,40.439,27.984,147.6988
2020-03-31,31.7215,41.453,28.994,148.1709
2020-04-01,30.5941,40.645,27.996,
2020-04-03,29.9846,39.823,27.35,147.8815
2020-04-07,32.302,41.318,29.453,147.1769
2020-04-08,32.3132,42.0,29.452,146.4112
2020-04-09,33.7305,43.406,30.482,146.4196
2020-04-13,33.3064,42.995,30.269,146.5785
2020-04-15,33.3214,43.747,30.134,146.8633
2020-04-16,33.7613,44.334,30.514,147.1239
2020-04-17,34.6718,45.464,31.308,147.947
2020-04-20,34.5689,45.502,31.264,148.7201
2020-04-21,33.6302,44.36,30.412,149.0212
2020-04-22,34.1002,44.61,30.865,149.0793
2020-04-23,34.4706,45.021,31.212,149.5527
2020-04-24,33.7636,44.241,30.635,148.6647
2020-04-27,34.3585,45.102,31.151,148.6922
2020-04-28,34.6001,45.538,31.506,148.5148
2020-04-29,35.2403,46.109,31.966,148.549
2020-04-30,36.2242,46.678,32.677,148.6556
2020-05-04,34.2619,44.876,31.093,149.0855
2020-05-05,33.9496,44.625,30.768,149.4229
2020-05-06,34.2533,44.764,31.033,149.8549
2020-05-07,33.9274,44.561,30.809,
2020-05-08,34.0683,44.345,30.964,150.1326
2020-05-11,34.1246,44.532,31.081,149.6699
2020-05-12,34.1266,44.364,30.86,149.9687
2020-05-13,34.7304,45.135,31.626,150.1633
2020-05-14,33.9682,44.765,31.173,150.5497
2020-05-15,33.8434,44.752,31.065,150.5483
2020-05-18,32.4856,43.277,29.881,150.7375
2020-05-19,32.6679,43.21,29.906,150.8998
2020-05-20,33.431,43.977,30.468,151.0347
2020-05-21,33.5859,44.263,30.635,151.1568
2020-05-22,33.2585,44.094,30.502,151.835
2020-05-26,33.4788,44.331,30.753,151.9123
2020-05-27,34.3089,44.59,31.401,151.8831
2020-05-28,35.0155,45.191,31.934,151.8499
2020-05-29,35.5864,45.774,32.249,151.8458
2020-06-01,36.2612,47.42,32.854,151.7027
2020-06-02,36.6433,47.877,33.23,151.5887
2020-06-03,36.9864,48.102,33.574,151.7291
2020-06-04,36.8147,47.624,33.6,151.7144
2020-06-05,37.3689,48.564,33.976,151.7947
2020-06-08,37.2905,48.694,33.997,151.7545
2020-06-09,36.8868,48.324,33.63,151.8323
2020-06-10,37.0499,48.928,33.78,151.9285
2020-06-11,36.4271,48.215,33.23,152.0797
2020-06-12,36.7785,48.264,33.563,152.1202
2020-06-15,36.1672,47.78,33.106,152.2922
2020-06-16,36.5031,48.065,33.402,152.463
2020-06-17,36.3877,48.48,33.352,152.6873
2020-06-18,37.0138,49.047,33.774,152.9942
2020-06-19,37.4436,49.762,34.261,153.2792
2020-06-22,37.8744,50.632,34.465,153.438
2020-06-23,38.5356,51.311,35.018,153.6661
2020-06-24,37.8971,50.834,34.622,153.6871
2020-06-25,37.9102,51.301,34.659,153.8658
2020-06-26,38.1394,51.505,34.954,154.0384
2020-06-29,37.8013,50.893,34.663,154.1954
2020-06-30,37.8892,50.749,34.766,154.3407
2020-07-01,38.186,50.754,34.945,154.4707
2020-07-02,38.5702,51.127,35.296,154.6381
2020-07-03,38.7775,51.403,35.556,154.7628
2020-07-06,39.288,52.041,36.079,154.9799
2020-07-07,39.4149,52.164,36.06,155.2208
2020-07-08,39.0804,51.904,35.82,155.4959
2020-07-09,39.459,52.066,35.975,155.6112
2020-07-10,39.2307,51.834,35.847,155.929
2020-07-13,39.2988,51.64,35.924,156.0307
2020-07-14,38.7161,51.306,35.44,155.9369
2020-07-15,38.6565,51.274,35.411,156.1332
2020-07-16,39.0395,51.566,35.776,156.1683
2020-07-17,39.6318,52.112,36.39,156.2261
2020-07-20,40.0806,52.384,36.699,156.312
2020-07-21,40.5356,52.303,37.04,156.218
2020-07-22,40.4359,52.246,36.832,156.1462
2020-07-23,40.9252,52.687,37.053,156.2261
2020-07-24,40.6889,52.381,36.89,156.2363
2020-07-27,40.3712,51.872,36.602,156.1419
2020-07-28,40.8062,52.098,37.059,156.0234
2020-07-29,40.5824,52.38,36.866,156.0698
2020-07-30,40.2948,52.372,36.628,156.1385
2020-07-31,40.2903,52.797,36.675,156.2908
2020-08-03,39.8579,52.735,36.245,156.3569
2020-08-04,40.4546,53.376,36.757,156.4151
2020-08-05,40.5921,53.583,36.836,156.4515
2020-08-06,40.932,54.289,37.002,156.273
2020-08-07,40.8992,54.743,37.035,156.1963
2020-08-10,41.5571,55.508,37.194,156.1579
2020-08-11,41.6395,55.177,37.256,156.1703
2020-08-12,41.7259,55.443,37.354,156.1023
2020-08-13,41.8192,56.096,37.597,156.2204
2020-08-14,41.2878,55.66,37.188,156.1109
2020-08-17,41.5695,55.919,37.286,156.1178
2020-08-18,42.0672,56.732,37.815,156.0848
2020-08-19,42.1591,57.273,37.916,156.0408
2020-08-20,41.8421,57.843,37.738,156.1183
2020-08-21,42.118,58.393,37.888,155.6426
2020-08-24,42.3611,59.012,38.145,155.3393
2020-08-25,42.3984,59.282,38.108,155.4841
2020-08-26,42.5697,59.454,38.275,155.3989
2020-08-27,42.7419,59.769,38.205,155.293
2020-08-28,43.0028,59.804,38.468,155.1542
2020-08-31,41.7188,57.488,37.412,155.7972
2020-09-01,42.0691,57.955,37.639,156.4621
2020-09-02,42.4193,58.432,37.98,156.5163
2020-09-03,42.3333,58.677,38.036,156.7417
2020-09-04,41.5931,57.894,37.373,156.774
2020-09-07,41.5089,57.427,37.275,156.5535
2020-09-08,41.2825,56.657,37.129,156.1916
2020-09-09,41.0707,56.357,36.918,156.2123
2020-09-10,41.5537,57.008,37.456,156.1513
2020-09-11,41.5615,57.121,37.777,156.1152
2020-09-14,41.67,58.997,38.042,156.1284
2020-09-15,41.9974,59.763,38.303,156.0004
2020-09-16,42.407,60.079,38.558,156.1146
2020-09-17,42.095,59.736,38.329,156.1649
2020-09-18,42.14,59.466,38.23,156.2039
2020-09-21,40.9201,57.439,37.258,156.2995
2020-09-22,40.5506,56.631,36.865,156.3459
2020-09-23,40.4627,56.513,36.955,156.4026
2020-09-24,39.3756,55.333,35.939,156.37
2020-09-25,40.3295,56.375,36.811,156.3293
2020-09-28,41.0638,57.739,37.495,156.3511
2020-09-29,40.9944,57.908,37.49,156.3187
2020-09-30,41.0236,58.082,37.524,156.4483
2020-10-01,41.5324,58.623,37.94,156.6388
2020-10-05,41.6517,58.492,38.168,156.763
2020-10-06,42.1589,58.691,38.399,156.8394
2020-10-07,42.3518,58.347,38.632,156.9459
2020-10-08,42.6726,58.421,38.938,157.086
2020-10-09,43.0005,58.126,39.153,157.7498
2020-10-12,42.853,57.995,39.107,157.882
2020-10-13,42.7662,57.611,39.114,158.0762
2020-10-14,42.9539,57.584,39.29,158.1982
2020-10-15,41.9575,56.819,38.511,158.3381
2020-10-16,42.3629,57.472,38.941,158.3327
2020-10-19,42.7679,57.3,39.221,158.4601
2020-10-20,42.9317,57.374,39.262,158.5896
2020-10-21,43.1737,57.595,39.274,158.5983
2020-10-22,43.0354,58.004,39.185,158.5705
2020-10-23,43.2208,58.354,39.189,158.6936
2020-10-26,42.5367,57.577,38.574,158.8975
2020-10-27,43.0859,58.366,39.0,158.8713
2020-10-28,42.4919,58.078,38.579,158.857
2020-10-29,42.3197,57.89,38.519,158.8367
2020-10-30,42.3496,58.195,38.396,
2020-11-02,42.6872,58.269,38.311,158.9295
2020-11-03,43.2051,58.691,38.768,158.9366
2020-11-04,43.4726,59.186,39.081,158.9374
2020-11-05,44.1738,60.255,39.787,159.1355
2020-11-06,44.6394,60.576,40.125,159.2468
2020-11-09,45.425,61.229,40.821,159.2568
2020-11-10,45.8764,60.859,41.226,159.229
2020-11-11,46.4806,61.0,41.554,159.2531
2020-11-12,46.4461,61.789,41.459,159.3624
2020-11-13,46.623,62.244,41.717,159.4146
2020-11-17,47.3164,63.131,42.218,159.5333
2020-11-18,47.7991,63.936,42.516,159.5898
2020-11-19,47.1473,63.797,42.066,159.7636
2020-11-20,47.6423,64.297,42.331,159.8527
2020-11-23,47.8436,64.994,42.615,159.9304
2020-11-24,48.4004,65.568,43.011,159.983
2020-11-25,47.6362,64.506,42.305,160.1039
2020-11-26,48.1643,64.702,42.612,160.2708
2020-11-27,48.3035,66.276,42.691,160.2778
2020-12-01,48.8697,66.821,43.127,160.2519
2020-12-02,48.8503,67.419,43.221,160.1204
2020-12-03,48.9979,67.628,43.263,160.1281
2020-12-04,49.4683,68.115,43.755,160.3103
2020-12-07,49.7626,68.631,43.987,160.3502
2020-12-08,49.8583,68.438,44.143,160.3514
2020-12-09,50.2159,68.706,44.381,160.3147
2020-12-10,50.0318,68.306,44.091,160.344
2020-12-11,50.0955,68.528,44.194,160.2922
2020-12-14,50.2255,68.889,44.437,160.3316
2020-12-15,50.2978,69.106,44.255,160.3865
2020-12-16,50.7701,69.664,44.544,160.3832
2020-12-17,50.963,69.456,44.745,160.4015
2020-12-18,51.0656,69.459,44.751,160.4386
2020-12-21,49.096,66.73,43.161,160.3923
2020-12-22,49.728,67.046,43.705,160.403
2020-12-23,50.2649,68.498,44.217,160.4658
2020-12-24,50.741,68.702,44.485,160.516
2020-12-28,51.2866,69.42,44.868,160.6676
2020-12-29,51.4978,69.378,44.94,160.7133
2020-12-30,51.6975,69.492,45.167,160.7819
2020-12-31,51.8572,69.685,45.172,160.8071
2021-01-01,52.0788,70.467,45.363,160.8997
2021-01-04,52.6911,71.773,45.916,161.0439
2021-01-05,52.9182,72.291,46.213,161.2313
2021-01-06,52.9219,72.085,46.307,161.2295
2021-01-07,52.9457,72.311,46.316,161.2821
2021-01-08,53.7202,72.888,47.087,161.3775
2021-01-11,54.1609,72.901,47.369,161.1259
2021-01-12,54.5034,73.114,47.512,160.9495
2021-01-13,54.4543,72.719,47.544,160.9046
2021-01-14,54.4833,72.931,47.755,160.6885
2021-01-15,53.7264,71.988,47.067,160.6112
2021-01-18,53.0658,70.824,46.444,160.3776
2021-01-19,53.9725,72.125,47.206,160.3918
2021-01-20,54.2905,72.736,47.615,160.4846
2021-01-21,53.8463,72.369,47.307,160.5205
2021-01-22,53.0916,71.742,46.711,160.4748
2021-01-25,52.6923,71.067,46.327,160.5232
2021-01-27,51.7936,70.325,45.619,160.5509
2021-01-28,51.3828,69.914,45.489,160.5833
2021-01-29,50.8227,69.421,44.867,160.5977
2021-02-01,53.4061,71.393,46.784,160.0612
2021-02-02,54.9169,72.757,47.869,159.6745
2021-02-03,55.572,74.116,48.208,159.7469
2021-02-04,56.1734,74.977,48.845,159.7473
2021-02-05,56.2339,74.63,48.71,159.5631
2021-02-08,57.1273,75.795,49.435,159.6672
2021-02-09,57.0651,75.316,49.472,159.5233
2021-02-10,57.1705,75.724,49.495,159.5324
2021-02-11,57.3181,76.211,49.674,159.676
2021-02-12,57.323,76.146,49.708,159.745
2021-02-15,58.2201,77.316,50.102,159.817
2021-02-16,58.1884,77.548,50.051,159.8868
2021-02-17,58.0645,77.7,49.885,159.8489
2021-02-18,57.6748,77.853,49.761,159.7964
2021-02-19,56.9376,77.186,49.1,
2021-02-22,55.8642,76.291,48.15,159.5796
2021-02-23,56.1413,76.696,48.545,159.4945
2021-02-24,57.0522,77.278,49.372,159.5155
2021-02-25,57.4631,78.267,49.786,159.5286
2021-02-26,55.5369,77.585,48.215,151.4836
2021-03-01,56.4937,78.736,48.993,151.5474
2021-03-02,57.209,79.827,49.629,151.6292
2021-03-03,58.1284,80.789,50.533,151.6682
2021-03-04,57.6704,80.996,50.46,151.6971
2021-03-05,56.9587,79.619,49.888,151.6682
2021-03-08,57.0784,79.8,49.967,151.7216
2021-03-09,57.3608,79.504,50.041,151.7148
2021-03-10,57.6819,80.125,50.273,151.712
2021-03-12,57.0622,80.109,49.827,151.6323
2021-03-15,56.6751,79.685,49.416,151.3381
2021-03-16,56.5274,79.828,49.369,151.3172
2021-03-17,55.703,78.331,48.545,151.3473
2021-03-18,55.0783,77.09,47.897,151.3901
2021-03-19,55.6291,77.635,48.447,151.6387
2021-03-22,55.7042,78.04,48.569,151.8479
2021-03-23,56.1201,78.066,49.092,152.2243
2021-03-24,54.9875,76.813,48.18,152.3847
2021-03-25,54.1407,75.79,47.379,152.4514
2021-03-26,54.8533,77.011,47.928,152.5344
2021-03-30,55.9509,77.938,48.953,152.6579
2021-03-31,55.6375,78.529,48.73,152.7457
2021-04-01,56.2546,79.542,49.418,
2021-04-05,55.3064,78.094,48.66,153.0069
2021-04-06,55.3538,78.613,48.85,153.2101
2021-04-07,56.0758,79.943,49.352,153.1454
2021-04-08,56.2149,80.217,49.69,153.1697
2021-04-09,56.0058,80.286,49.515,153.2609
2021-04-12,53.804,76.684,47.611,153.3259
2021-04-13,54.759,77.909,48.197,
2021-04-15,54.9772,77.682,48.366,153.2182
2021-04-16,55.2985,78.332,48.506,153.1445
2021-04-19,54.2332,76.95,47.638,153.2788
2021-04-20,54.0661,77.342,47.647,153.322
2021-04-22,54.5386,77.47,47.877,153.3766
2021-04-23,54.3278,77.858,47.726,153.459
2021-04-26,54.7978,78.56,48.306,153.6353
2021-04-27,55.4,79.569,48.892,153.7634
2021-04-28,55.9823,80.327,49.417,153.8557
2021-04-29,55.8357,80.397,49.387,153.8646
2021-04-30,55.0254,80.293,48.715,153.951
2021-05-03,55.0319,80.485,48.615,154.0501
2021-05-04,54.5077,80.169,48.251,154.0742
2021-05-05,55.0488,80.811,48.87,154.1232
2021-05-06,55.4807,81.464,49.209,154.1495
2021-05-07,55.6548,81.16,49.088,154.1903
2021-05-10,56.1864,81.657,49.397,154.2372
2021-05-11,55.9757,82.301,49.387,154.341
2021-05-12,55.4557,81.658,49.007,154.3311
2021-05-14,55.1717,80.709,48.617,154.3309
2021-05-17,56.071,82.624,49.478,154.4002
2021-05-18,56.7906,83.598,50.115,154.4638
2021-05-19,56.6819,83.605,50.034,154.599
2021-05-20,56.427,83.922,49.811,154.6073
2021-05-21,57.3736,84.385,50.495,154.6417
2021-05-24,57.6493,85.027,50.593,154.7069
2021-05-25,57.4996,84.908,50.608,154.783
2021-05-26,57.6708,84.802,50.786,
2021-05-27,57.7337,84.845,51.15,154.8336
2021-05-28,58.0058,84.713,51.222,154.8325
2021-05-31,58.4442,85.35,51.62,154.8591
2021-06-01,58.354,84.942,51.397,154.8506
2021-06-02,58.6581,85.726,51.589,154.8632
2021-06-03,59.0083,86.362,52.01,154.9384
2021-06-04,58.9367,86.676,51.895,154.9869
2021-06-07,59.2532,87.62,52.295,155.1117
2021-06-08,59.2852,88.158,52.36,155.1383
2021-06-09,58.8805,87.707,51.906,155.2699
2021-06-10,59.2783,88.811,52.31,155.3161
2021-06-11,59.3109,88.759,52.437,155.3755
2021-06-14,59.3317,88.732,52.47,155.429
2021-06-15,59.5577,88.957,52.728,155.2961
2021-06-16,59.1884,88.282,52.37,155.0843
2021-06-17,58.7895,87.579,52.225,155.0726
2021-06-18,58.5877,86.754,52.073,155.1221
2021-06-21,58.7867,86.923,52.238,155.1952
2021-06-22,58.9773,87.002,52.355,155.1506
2021-06-23,58.828,87.119,52.193,155.1573
2021-06-24,59.1754,87.344,52.535,155.1814
2021-06-25,59.7071,87.906,52.984,155.1462
2021-06-28,59.5977,88.448,53.013,155.1258
2021-06-29,59.2396,87.963,52.798,155.1137
2021-06-30,59.2255,88.516,52.719,141.9021
2021-07-01,59.1359,88.673,52.632,141.9515
2021-07-02,59.4072,89.593,52.753,141.9245
2021-07-05,59.8428,90.002,53.102,142.0229
2021-07-06,59.8054,89.744,53.294,141.942
2021-07-07,60.0688,90.256,53.484,142.0218
2021-07-08,59.5242,89.772,53.053,142.1696
2021-07-09,59.5363,89.821,53.018,142.2029
2021-07-12,59.6562,90.316,53.223,142.1602
2021-07-13,60.0592,90.86,53.494,142.2948
2021-07-14,60.2575,90.988,53.608,142.2968
2021-07-15,60.6374,90.863,53.814,142.3806
2021-07-16,60.6722,91.3,53.928,142.5092
2021-07-19,60.1597,90.735,53.473,142.5654
2021-07-20,59.4999,89.576,52.943,142.6213
2021-07-22,60.2579,90.932,53.568,142.6239
2021-07-23,60.5279,91.222,53.805,142.6218
2021-07-26,60.4308,91.292,53.854,142.719
2021-07-27,60.1776,90.817,53.583,142.7747
2021-07-28,60.0696,90.74,53.522,142.8006
2021-07-29,60.457,91.347,53.786,142.8184
2021-07-30,60.5929,91.925,54.002,142.839
2021-08-02,61.2102,93.046,54.517,142.9005
2021-08-03,61.9505,93.053,55.073,142.9404
2021-08-04,62.2125,92.312,55.124,142.9647
2021-08-05,62.2932,92.317,54.991,143.021
2021-08-06,61.9544,92.37,54.652,142.91
2021-08-09,61.9938,91.767,54.581,142.9661
2021-08-10,61.9773,90.738,54.319,143.0486
2021-08-11,61.8601,90.522,54.24,143.0625
2021-08-12,62.132,91.762,54.465,143.136
2021-08-13,62.6205,91.673,54.895,143.2392
2021-08-16,62.4252,91.323,54.698,
2021-08-17,62.4469,91.697,54.984,143.3696
2021-08-18,62.2617,91.518,54.956,143.4818
2021-08-20,61.4601,89.548,54.256,143.5164
2021-08-23,61.4551,89.16,54.235,143.5597
2021-08-24,61.988,90.153,54.666,143.5629
2021-08-25,62.0758,90.395,54.735,143.5853
2021-08-26,62.1421,90.688,54.843,143.5893
2021-08-27,62.5225,91.45,55.273,143.6277
2021-08-30,63.5223,93.028,56.109,143.7535
2021-08-31,64.2324,94.094,56.601,143.7984
2021-09-01,64.2265,94.238,56.567,143.8746
2021-09-02,64.7521,94.781,57.331,143.9444
2021-09-03,65.1365,95.177,57.675,143.9699
2021-09-06,65.2682,95.644,57.725,144.0148
2021-09-07,65.1568,95.461,57.571,144.0042
2021-09-08,65.1606,95.88,57.614,144.0275
2021-09-09,65.1699,96.287,57.668,144.0574
2021-09-13,65.2716,96.824,57.683,144.1118
2021-09-14,65.507,97.573,57.779,144.1251
2021-09-15,66.0871,98.41,58.353,131.1996
2021-09-16,66.5141,98.902,58.515,131.2345
2021-09-17,66.3328,97.48,58.148,131.2591
2021-09-20,65.4278,96.003,57.305,131.3222
2021-09-21,65.8905,96.153,57.657,131.3316
2021-09-22,66.1693,97.176,57.634,131.3513
2021-09-23,67.2717,98.267,58.331,131.3554
2021-09-24,67.2971,97.556,58.097,131.2694
2021-09-27,67.3116,97.545,58.203,131.258
2021-09-28,66.8038,97.016,57.787,131.3044
2021-09-29,66.8847,97.161,57.784,131.2328
2021-09-30,66.424,97.674,57.587,131.2526
2021-10-01,66.1557,97.924,57.485,131.2393
2021-10-04,66.8686,99.299,58.15,131.3094
2021-10-05,67.0449,99.531,58.323,131.2616
2021-10-06,66.3562,98.513,57.658,131.2459
2021-10-07,67.2893,100.079,58.166,131.2265
2021-10-08,67.2667,100.612,58.535,131.2335
2021-10-11,67.8148,101.511,58.685,131.2562
2021-10-12,67.9234,101.917,58.886,131.2981
2021-10-13,68.6467,103.118,59.086,131.3582
2021-10-14,69.2663,103.484,59.49,131.3603
2021-10-18,69.6222,104.307,59.93,131.3686
2021-10-19,69.0503,102.284,59.487,
2021-10-20,68.2688,100.451,58.906,131.3437
2021-10-21,68.1511,100.382,58.703,131.4413
2021-10-22,67.8136,99.409,58.448,131.4697
2021-10-25,67.6253,98.375,58.647,131.5009
2021-10-26,68.299,100.058,59.279,131.4286
2021-10-27,68.4241,100.325,59.234,131.4254
2021-10-28,67.2366,98.463,58.155,131.396
2021-10-29,66.7934,98.153,58.047,131.3687
2021-11-01,67.8227,99.086,58.611,131.3951
2021-11-02,67.7439,100.104,58.543,131.3907
2021-11-03,67.6196,99.337,58.431,131.4386
2021-11-08,68.6438,101.776,59.265,131.6163
2021-11-09,68.675,102.448,59.443,131.6599
2021-11-10,68.6592,102.618,59.229,131.659
2021-11-11,68.1533,101.81,58.901,131.6866
2021-11-12,68.9944,102.334,59.471,131.6894
2021-11-15,68.9861,102.07,59.528,131.7417
2021-11-16,68.7155,101.564,59.174,131.7479
2021-11-17,68.1462,101.128,58.707,131.7489
2021-11-18,67.487,99.479,58.168,131.7944
2021-11-22,66.1687,96.924,56.994,131.858
2021-11-23,66.6855,98.515,57.447,131.8686
2021-11-24,66.3843,98.387,57.136,131.8645
2021-11-25,66.7267,98.517,57.325,131.8704
2021-11-26,64.7978,95.273,55.598,131.8818
2021-11-29,64.6509,94.495,55.401,131.9194
2021-11-30,64.5652,95.912,55.445,131.9668
2021-12-01,65.0158,96.349,55.905,131.9697
2021-12-02,65.7598,97.404,56.409,132.0146
2021-12-03,65.2252,97.488,56.083,132.0162
2021-12-06,64.2398,96.206,55.252,132.0903
2021-12-07,65.1678,97.369,56.153,132.0998
2021-12-08,66.1711,98.771,57.099,132.1611
2021-12-09,66.387,99.113,57.283,132.162
2021-12-10,66.4609,99.401,57.38,132.1656
2021-12-13,66.1532,99.498,57.032,132.1789
2021-12-14,65.964,98.939,57.024,132.2368
2021-12-15,65.5893,98.579,56.706,132.2563
2021-12-16,65.4924,97.652,56.805,132.2637
2021-12-17,64.3132,95.997,55.922,132.2288
2021-12-20,62.6954,93.344,54.426,132.1983
2021-12-21,63.3564,94.025,55.134,132.1135
2021-12-22,64.1686,95.348,55.95,120.8645
2021-12-23,64.6104,96.5,56.401,120.8813
2021-12-24,64.3259,95.513,56.021,120.886
2021-12-27,64.617,95.866,56.212,120.9367
2021-12-28,65.2529,96.801,56.658,120.8977
2021-12-29,65.2193,97.253,56.651,120.9039
2021-12-30,65.1266,97.037,56.607,120.9049
2021-12-31,65.8793,98.172,57.181,120.9424
2022-01-03,66.717,99.18,57.933,120.9791
2022-01-04,67.0699,99.443,58.317,120.9326
2022-01-05,67.3635,99.609,58.669,120.9314
2022-01-06,66.9208,99.319,58.258,120.9577
2022-01-07,67.1954,99.856,58.672,120.9547
2022-01-10,67.8155,101.046,59.32,120.9198
2022-01-11,68.1458,101.113,59.373,120.9723
2022-01-12,68.6508,102.262,59.985,121.0236
2022-01-13,68.721,102.822,60.286,121.0679
2022-01-14,68.7936,102.934,60.463,121.0906
2022-01-17,68.9208,103.347,60.661,121.0746
2022-01-18,68.0371,101.761,59.889,121.0769
2022-01-19,67.4226,101.816,59.383,121.0829
2022-01-20,66.9827,101.845,58.99,121.1056
2022-01-21,66.1331,100.045,58.215,121.133
2022-01-24,64.3231,96.523,56.603,121.1248
2022-01-25,64.8604,97.341,57.201,121.1535
2022-01-27,64.3066,97.31,56.564,121.1095
2022-01-28,64.324,98.045,56.736,121.1287
2022-01-31,65.2512,99.258,57.543,121.2264
2022-02-01,66.1718,100.187,58.433,121.041
2022-02-02,66.8002,100.802,58.848,120.9797
2022-02-03,66.148,100.023,58.263,121.0079
2022-02-04,65.8873,99.831,58.055,121.0091
2022-02-07,64.816,98.636,57.432,
2022-02-08,64.8439,97.899,57.549,121.1629
2022-02-09,65.6827,99.344,58.212,121.2257
2022-02-10,66.125,99.974,58.504,121.4458
2022-02-11,65.1988,98.162,57.516,121.5265
2022-02-14,63.1984,94.897,55.577,121.6236
2022-02-15,64.9236,97.15,57.248,121.6181
2022-02-16,64.9303,96.873,56.877,121.6448
2022-02-17,64.9128,96.771,56.591,121.6561
2022-02-18,64.6697,95.962,56.266,121.6824
2022-02-21,64.3442,94.98,55.972,121.7193
2022-02-22,63.918,94.18,55.483,121.6893
2022-02-23,63.9174,94.583,55.467,121.7264
2022-02-24,60.9817,90.106,52.681,121.7161
2022-02-25,62.6104,93.215,54.259,121.7161
2022-02-28,63.0538,94.342,54.708,121.7348
2022-03-02,62.2387,93.825,54.191,121.665
2022-03-03,61.7803,93.617,53.442,121.6296
2022-03-04,60.8715,91.673,52.581,121.6603
2022-03-07,59.4466,89.687,51.169,121.6023
2022-03-08,60.0396,90.798,51.824,121.5935
2022-03-09,61.0808,92.709,52.97,121.6144
2022-03-10,61.9768,93.707,53.685,121.6699
2022-03-11,62.2094,94.305,53.775,121.6652
2022-03-14,62.8976,94.507,54.382,121.7179
2022-03-15,62.3611,93.653,54.013,121.8177
2022-03-16,63.4424,95.344,55.104,121.7919
2022-03-17,64.4947,96.349,55.917,121.8816
2022-03-21,63.9177,96.035,55.365,121.9474
2022-03-22,64.4022,96.158,55.807,121.9441
2022-03-23,64.2823,96.534,55.708,112.8231
2022-03-24,64.079,96.89,55.744,112.8542
2022-03-25,63.8907,96.745,55.643,112.9034
2022-03-28,64.1733,96.249,55.784,112.9448
2022-03-29,64.7003,97.081,56.157,112.9912
2022-03-30,65.2648,97.605,56.808,113.0255
2022-03-31,65.1065,97.799,56.865,113.0782
2022-04-01,65.7623,98.624,57.387,
2022-04-04,67.1177,99.565,58.263,113.1171
2022-04-05,66.985,100.378,58.177,113.1661
2022-04-06,66.4837,100.231,58.007,113.1607
2022-04-07,66.1446,99.905,57.864,113.1825
2022-04-08,66.7086,101.526,58.401,112.9062
2022-04-11,66.426,101.916,58.197,112.8479
2022-04-12,65.7781,100.919,57.666,112.8405
2022-04-13,65.7767,101.122,57.712,112.6844
2022-04-18,64.8936,100.577,57.001,112.8584
2022-04-19,63.9509,99.711,56.454,112.9046
2022-04-20,64.6159,99.911,56.889,112.936
2022-04-21,65.4699,100.845,57.506,112.956
2022-04-22,64.6423,99.955,56.658,112.959
2022-04-25,63.7959,97.99,55.81,113.0615
2022-04-26,64.871,99.595,56.606,113.0579
2022-04-27,64.3269,99.234,56.026,113.0954
2022-04-28,64.8707,99.476,56.74,113.0848
2022-04-29,64.3341,99.393,56.181,113.0956
2022-05-02,64.1879,98.667,56.014,113.1319
2022-05-04,62.6771,96.694,54.706,112.4331
2022-05-05,62.7405,96.373,54.702,112.3588
2022-05-06,61.6379,94.424,53.652,112.244
2022-05-09,61.2608,93.288,53.142,112.2672
2022-05-10,61.0086,91.694,52.698,112.3479
2022-05-11,60.7529,90.389,52.627,112.3991
2022-05-12,59.5505,88.835,51.56,112.433
2022-05-13,59.6345,89.431,51.525,112.3647
2022-05-16,59.9591,90.9,51.913,
2022-05-17,61.3101,92.865,53.252,112.4137
2022-05-18,61.2122,92.701,53.31,112.4368
2022-05-19,59.8078,90.765,51.967,112.4539
2022-05-20,61.258,92.387,53.115,112.4374
2022-05-23,60.884,92.22,52.739,112.5061
2022-05-24,60.5832,91.387,52.484,112.5432
2022-05-25,60.1851,89.791,51.951,112.5511
2022-05-26,60.8244,90.826,52.752,112.5751
2022-05-27,61.5492,91.697,53.404,112.5875
2022-05-30,62.7616,93.961,54.466,112.6166
2022-05-31,62.7592,94.364,54.404,112.6801
2022-06-01,62.5925,94.804,54.229,112.5519
2022-06-02,62.7557,95.097,54.456,112.579
2022-06-03,62.3,93.995,53.939,112.5469
2022-06-06,62.1894,93.574,53.85,112.53
2022-06-07,61.684,93.085,53.284,112.4553
2022-06-08,61.4631,92.779,53.026,112.5902
2022-06-09,61.8679,92.73,53.312,112.6487
2022-06-10,61.107,92.144,52.709,112.6848
2022-06-13,59.6722,89.43,51.279,112.5985
2022-06-14,59.6513,89.502,51.33,112.583
2022-06-15,59.6915,89.878,51.485,112.5757
2022-06-16,58.5535,87.934,50.336,112.5715
2022-06-17,58.2162,87.981,50.079,112.5783
2022-06-20,58.2281,86.621,49.881,112.7336
2022-06-21,59.2565,88.329,50.919,112.757
2022-06-22,58.5049,87.392,50.285,105.1767
2022-06-23,59.2236,88.586,50.817,105.2106
2022-06-24,59.8564,89.912,51.373,105.1971
2022-06-27,60.3531,91.127,51.918,105.2922
2022-06-28,60.4539,91.14,52.028,105.2771
2022-06-29,60.3136,90.596,51.739,105.2859
2022-06-30,60.1944,90.159,51.661,105.3199
2022-07-01,60.4813,90.681,51.595,105.3963
2022-07-04,60.9518,91.482,51.911,105.4884
2022-07-05,60.8236,91.61,51.661,105.5371
2022-07-06,61.5701,92.697,52.387,105.7065
2022-07-07,62.1914,93.874,52.917,105.7041
2022-07-08,62.3926,94.008,53.294,105.6723
2022-07-11,62.5541,94.984,53.296,105.672
2022-07-12,61.9261,94.297,52.866,105.7093
2022-07-13,61.7704,94.616,52.835,105.7695
2022-07-14,61.6305,94.548,52.732,105.776
2022-07-15,62.0976,95.23,53.06,105.776
2022-07-18,62.8325,96.751,53.902,105.788
2022-07-19,63.0736,97.616,54.223,105.7996
2022-07-20,63.4224,97.507,54.587,105.8304
2022-07-21,64.0575,98.698,55.159,105.8401
2022-07-22,64.3619,98.81,55.434,105.8449
2022-07-25,64.1193,99.149,55.378,105.9141
2022-07-26,63.5497,98.228,54.774,105.9161
2022-07-27,64.1411,98.58,55.409,105.9293
2022-07-28,64.7369,99.45,56.028,105.9484
2022-07-29,65.5294,100.461,56.532,106.0066
2022-08-01,66.2155,101.896,57.275,106.1219
2022-08-02,66.0943,102.32,57.305,106.1993
2022-08-03,66.0153,102.08,57.183,106.15
2022-08-04,66.1363,102.414,57.269,106.2254
2022-08-05,66.1675,102.186,57.536,106.1086
2022-08-08,66.6161,102.595,57.739,106.1541
2022-08-10,66.6973,102.766,57.81,106.2542
2022-08-11,67.1681,103.776,58.325,106.3209
2022-08-12,67.2293,103.805,58.456,106.3294
2022-08-16,67.9275,104.864,59.004,
2022-08-17,68.2514,105.294,59.157,106.5092
2022-08-18,68.3614,105.517,59.344,106.5141
2022-08-19,67.6992,104.528,58.68,106.5072
2022-08-22,66.8241,103.233,57.734,106.5568
2022-08-23,67.2161,104.357,58.17,106.5597
2022-08-24,67.3294,104.619,58.271,106.599
2022-08-25,67.3029,104.939,58.167,106.5824
2022-08-26,67.4326,105.489,58.428,106.6296
2022-08-29,66.5979,104.603,57.784,106.6906
2022-08-30,68.0272,106.117,59.098,106.7038
2022-09-01,67.615,106.455,58.917,106.7475
2022-09-02,67.5947,106.277,58.705,106.7705
2022-09-05,68.0243,107.175,59.006,106.8191
2022-09-06,67.991,107.463,59.049,106.8291
2022-09-07,68.0405,107.699,59.239,106.8681
2022-09-08,68.715,108.124,59.849,106.9005
2022-09-09,68.8297,108.859,59.927,106.9116
2022-09-12,69.2189,110.447,60.607,106.954
2022-09-13,69.5846,110.275,60.954,106.9983
2022-09-14,69.368,110.104,60.8,106.9625
2022-09-15,69.0705,111.044,60.528,106.9084
2022-09-16,67.6988,108.462,59.21,106.8585
2022-09-19,67.88,108.289,59.281,106.8748
2022-09-20,68.66,109.656,59.906,106.824
2022-09-21,68.2174,109.069,59.407,106.8072
2022-09-22,67.933,109.352,59.228,106.7549
2022-09-23,66.807,106.973,57.952,106.6333
2022-09-26,65.5054,104.182,56.656,106.6784
2022-09-27,65.4312,104.292,56.602,106.6575
2022-09-28,64.9193,103.925,56.243,106.6485
2022-09-29,65.0109,104.436,56.425,106.7145
2022-09-30,65.9024,105.855,57.243,106.7948
2022-10-03,65.1411,104.767,56.534,106.8261
2022-10-04,66.5108,107.026,57.809,106.8856
2022-10-06,66.9628,108.174,58.251,106.8875
2022-10-07,66.817,108.132,58.007,106.8408
2022-10-10,66.47,107.218,57.785,106.8233
2022-10-11,65.4907,105.745,57.0,106.782
2022-10-12,66.0239,106.518,57.379,106.808
2022-10-13,65.6458,105.664,56.9,106.812
2022-10-14,66.209,105.401,57.3,106.7922
2022-10-17,66.4778,106.298,57.9,106.9437
2022-10-18,67.0928,107.46,58.578,106.9767
2022-10-19,67.322,107.095,58.626,106.997
2022-10-20,67.4668,106.72,58.574,106.9757
2022-10-21,67.4308,106.234,58.659,106.9649
2022-10-25,67.9651,107.509,59.207,107.112
2022-10-27,68.3205,107.999,59.648,107.2349
2022-10-28,68.2304,107.466,59.549,107.2137
2022-10-31,69.2217,108.777,60.38,107.2729
2022-11-01,69.6529,109.418,60.798,107.2818
2022-11-02,69.4048,110.029,60.451,107.303
2022-11-03,69.3394,110.501,60.44,107.2944
2022-11-04,69.4229,110.699,60.559,107.307
2022-11-07,69.8002,111.819,60.985,107.3633
2022-11-09,69.6302,110.959,60.567,107.4581
2022-11-10,69.1853,109.776,59.889,107.5243
2022-11-11,69.9991,109.65,60.516,107.6105
2022-11-14,69.897,109.463,60.463,107.6593
2022-11-15,70.1579,109.891,60.822,107.709
2022-11-16,70.0948,109.301,60.66,107.7065
2022-11-17,69.9133,109.29,60.483,107.7346
2022-11-18,69.6839,109.045,60.22,107.7527
2022-11-21,69.3097,109.255,59.908,107.8002
2022-11-22,69.5465,109.72,60.201,107.8369
2022-11-23,69.6017,109.719,60.323,107.8393
2022-11-24,70.3219,110.344,60.738,107.8882
2022-11-25,70.3993,110.873,60.895,107.9066
2022-11-28,70.5467,112.067,61.088,107.9959
2022-11-29,70.6603,111.596,61.14,107.99
2022-11-30,71.2764,112.313,61.759,108.0334
2022-12-01,71.5435,113.091,62.099,108.0832
2022-12-02,71.186,113.758,61.986,108.0988
2022-12-05,71.1601,113.882,62.032,108.1499
2022-12-06,70.8555,113.496,61.777,108.1762
2022-12-07,70.6933,113.007,61.724,108.1551
2022-12-08,70.9237,113.773,62.239,108.1783
2022-12-09,70.6518,112.658,61.811,108.1868
2022-12-12,70.6669,113.283,61.757,108.2614
2022-12-13,71.0099,113.754,62.017,108.2884
2022-12-14,71.3017,114.762,62.282,108.3488
2022-12-15,70.4674,113.718,61.611,108.3336
2022-12-16,69.7996,112.158,60.872,108.3466
2022-12-19,70.4426,112.625,61.268,108.3837
2022-12-20,70.2613,112.701,61.264,108.4123
2022-12-21,69.581,110.653,60.558,108.3843
2022-12-22,69.2877,109.705,60.365,108.3903
2022-12-23,68.0633,106.411,59.089,108.4095
2022-12-26,69.0055,109.255,60.065,108.4303
2022-12-27,69.4606,110.069,60.684,108.472
2022-12-28,69.4505,110.239,60.557,108.4921
2022-12-29,69.6239,110.377,60.743,108.4982
2022-12-30,69.2475,111.024,60.603,108.5225
2023-01-02,69.5312,112.03,60.945,108.5922
2023-01-03,69.6683,112.437,61.044,108.627
2023-01-04,69.0864,111.441,60.488,108.6262
2023-01-05,69.1289,111.841,60.474,108.6405
2023-01-06,68.8026,111.006,60.064,108.6235
2023-01-09,69.4788,112.041,60.788,108.7189
2023-01-10,68.9112,111.57,60.303,108.7409
2023-01-11,68.8571,111.432,60.272,108.7682
2023-01-12,68.8497,111.256,60.268,108.8154
2023-01-13,69.1754,111.548,60.5,108.8441
2023-01-16,68.8722,111.198,60.257,108.8945
2023-01-17,69.3165,110.985,60.586,108.9098
2023-01-18,69.7076,111.12,60.897,108.929
2023-01-19,69.6056,111.25,60.8,108.9578
2023-01-20,69.3106,110.665,60.463,108.9335
2023-01-23,69.5537,111.276,60.569,108.9803
2023-01-24,69.4835,110.965,60.342,108.9995
2023-01-25,68.7006,109.786,59.521,108.9962
2023-01-27,67.9644,108.301,58.519,108.9787
2023-01-30,67.972,108.298,58.514,109.0072
2023-01-31,68.3001,110.321,59.116,109.0678
2023-02-01,68.3815,109.675,59.077,109.1849
2023-02-02,68.5615,109.842,59.2,109.2186
2023-02-03,69.0761,109.657,59.679,109.2425
2023-02-06,68.8942,110.58,59.509,109.2662
2023-02-07,68.6865,110.22,59.542,109.2826
2023-02-08,69.1212,111.266,60.053,109.2472
2023-02-09,69.1922,111.255,60.065,109.2446
2023-02-10,69.2348,111.316,60.139,109.2412
2023-02-13,68.9374,109.667,59.572,109.2826
2023-02-14,69.3643,109.348,59.843,109.248
2023-02-15,69.7052,109.716,60.005,109.2929
2023-02-16,69.7663,111.103,60.15,109.3243
2023-02-17,69.5246,110.523,59.893,109.2924
2023-02-20,69.3166,110.132,59.629,109.378
2023-02-21,69.2352,109.825,59.522,109.4182
2023-02-22,68.4787,108.79,58.77,109.3818
2023-02-23,68.2644,108.909,58.669,109.409
2023-02-24,68.0092,108.554,58.497,109.4234
2023-02-27,67.7304,108.016,58.22,109.4341
2023-02-28,67.498,108.222,57.97,109.4442
2023-03-01,67.947,109.697,58.678,109.43
2023-03-02,67.5066,109.264,58.339,109.447
2023-03-03,68.1456,109.912,58.998,109.4874
2023-03-06,68.4511,110.732,59.211,109.5313
2023-03-08,68.6548,111.312,59.398,109.5103
2023-03-09,68.1267,110.809,58.919,109.541
2023-03-10,67.5522,110.099,58.488,109.5769
2023-03-13,66.528,108.573,57.506,109.7345
2023-03-14,66.3358,107.664,57.375,109.7889
2023-03-15,66.1485,107.63,57.213,109.8123
2023-03-16,66.1788,107.341,57.229,109.7988
2023-03-17,66.5621,108.072,57.692,109.8366
2023-03-20,66.2071,106.788,57.272,109.9509
2023-03-21,66.6196,107.474,57.758,109.981
2023-03-22,66.8406,107.638,57.951,
2023-03-23,66.5985,107.108,57.776,110.0625
2023-03-24,66.0786,106.147,57.29,110.0794
2023-03-27,66.0419,105.543,57.285,110.1469
2023-03-28,65.9713,105.536,57.102,110.1156
2023-03-29,66.5172,107.062,57.589,110.2525
2023-03-31,67.3205,108.223,58.548,110.3887
2023-04-03,67.546,108.583,58.556,110.4369
2023-04-05,68.0208,108.895,58.905,110.5493
2023-04-06,68.3506,109.835,58.999,110.7692
2023-04-10,68.4095,110.283,59.05,110.8339
2023-04-11,68.8083,110.528,59.344,110.847
2023-04-12,69.3027,111.004,59.57,110.9134
2023-04-13,69.4279,110.817,59.816,110.9273
2023-04-17,69.1342,111.396,59.699,110.9947
2023-04-18,69.0824,111.889,59.719,111.029
2023-04-19,68.9986,111.328,59.416,111.0669
2023-04-20,69.0521,111.344,59.55,111.0695
2023-04-21,68.9183,111.041,59.333,111.1177
2023-04-24,69.2685,111.574,59.671,111.2444
2023-04-25,69.4153,110.998,59.722,111.2845
2023-04-26,69.5754,110.988,59.816,111.3157
2023-04-27,70.0188,111.67,60.049,111.3747
2023-04-28,70.6847,113.013,60.585,111.3814
2023-05-02,70.9413,113.92,60.982,111.4551
2023-05-03,70.8551,114.367,61.01,111.534
2023-05-04,71.515,115.405,61.335,111.556
2023-05-05,71.0897,114.742,61.0,
2023-05-08,71.746,115.397,61.619,111.6462
2023-05-09,71.7424,115.1,61.683,111.6494
2023-05-10,72.031,115.008,61.802,111.6632
2023-05-11,71.8349,115.442,61.757,111.6912
2023-05-12,72.0204,115.112,61.664,111.7357
2023-05-15,72.4128,115.745,61.945,111.8017
2023-05-16,72.247,116.173,61.853,111.8439
2023-05-17,71.9631,116.08,61.52,111.8786
2023-05-18,71.5847,115.754,61.12,111.9625
2023-05-19,71.7838,116.066,61.392,111.9729
2023-05-22,72.1245,116.96,61.874,112.1196
2023-05-23,72.3377,117.306,61.897,112.1072
2023-05-24,72.007,117.312,61.681,112.1392
2023-05-25,72.3546,117.488,61.913,112.1468
2023-05-26,72.7789,118.204,62.484,112.1609
2023-05-29,73.2393,118.305,62.742,112.1994
2023-05-30,73.4479,118.825,62.855,112.2149
2023-05-31,73.2655,119.806,62.666,112.2328
2023-06-01,73.1558,120.117,62.509,112.3041
2023-06-02,73.4329,120.768,62.812,112.3136
2023-06-05,73.6944,121.235,63.147,112.35
2023-06-06,73.9958,121.654,63.276,112.3976
2023-06-07,74.5641,123.297,63.674,112.4241
2023-06-08,74.1569,122.358,63.367,112.3995
2023-06-09,73.9201,123.257,63.249,112.3662
2023-06-12,74.0149,124.057,63.209,112.4181
2023-06-13,74.5967,125.454,63.531,112.4564
2023-06-14,74.5606,125.638,63.727,112.4522
2023-06-15,74.3972,125.665,63.568,112.4579
2023-06-16,75.0625,127.19,64.056,112.4688
2023-06-19,74.9997,127.353,63.921,112.5427
2023-06-20,75.182,127.764,64.054,112.5543
2023-06-21,75.1341,128.567,64.028,112.5483
2023-06-22,74.8348,127.425,63.789,112.5347
2023-06-23,74.3209,125.94,63.156,112.5447
2023-06-26,74.5011,126.783,63.387,112.5988
2023-06-27,75.0263,127.375,63.67,112.6073
2023-06-28,75.48,128.394,64.079,112.6521
2023-06-30,76.231,129.315,64.732,112.6635
2023-07-03,76.6435,129.56,64.986,112.6779
2023-07-04,76.7032,129.535,65.112,112.7332
2023-07-05,77.0226,130.309,65.366,112.7734
2023-07-06,77.3342,131.166,65.82,112.7607
2023-07-07,76.7309,130.719,65.238,112.7417
2023-07-10,76.6673,130.073,65.122,112.7947
2023-07-11,76.9694,131.537,65.435,112.879
2023-07-12,76.8883,131.533,65.399,112.8785
2023-07-13,77.0825,131.007,65.431,112.9794
2023-07-14,77.579,132.001,65.945,113.0224
2023-07-17,77.9016,132.464,66.299,113.0933
2023-07-18,77.86,132.614,66.335,113.1539
2023-07-19,78.2068,133.393,66.607,113.185
2023-07-20,78.6154,133.233,66.868,113.2135
2023-07-21,78.1439,132.884,66.352,113.1867
2023-07-24,77.9866,133.485,66.152,113.252
2023-07-25,78.1111,133.646,66.463,113.2068
2023-07-26,78.5034,134.281,66.673,113.25
2023-07-27,78.0522,134.499,66.548,113.302
2023-07-28,78.1127,135.41,66.724,113.2233
2023-07-31,78.259,136.638,67.132,113.2955
2023-08-01,78.1303,136.378,67.082,113.3502
2023-08-02,77.4694,134.231,66.427,113.371
2023-08-03,77.0012,133.856,65.987,113.3366
2023-08-04,77.338,134.465,66.51,113.3024
2023-08-07,77.5942,135.287,66.679,113.4145
2023-08-08,77.4382,135.738,66.686,113.4097
2023-08-09,77.5608,135.859,66.999,113.4446
2023-08-10,77.292,135.895,66.614,113.4695
2023-08-11,76.8394,135.75,66.449,113.4328
2023-08-14,76.8131,135.488,66.251,113.4717
2023-08-16,76.8946,135.427,66.449,
2023-08-17,76.5446,136.022,66.186,113.448
2023-08-18,76.2904,135.739,66.077,113.5055
2023-08-21,76.7582,136.843,66.554,113.5726
2023-08-22,76.9051,138.073,66.757,113.5608
2023-08-23,77.1141,139.047,67.095,113.6358
2023-08-24,77.0325,139.456,67.14,113.6982
2023-08-25,76.5058,138.384,66.637,113.708
2023-08-28,76.8193,139.136,67.102,113.8221
2023-08-29,77.0739,139.455,67.482,113.8467
2023-08-30,77.1925,140.303,67.468,113.8834
2023-08-31,77.0024,140.428,67.326,113.9005
2023-09-01,77.4403,140.876,67.919,113.9205
2023-09-04,77.7241,141.522,68.293,113.9843
2023-09-05,77.8709,142.44,68.464,113.9984
2023-09-06,78.1894,142.428,68.546,113.9571
2023-09-07,78.6625,143.377,68.899,114.0437
2023-09-08,79.0767,144.778,69.289,114.0015
2023-09-11,79.6648,146.07,69.866,114.0239
2023-09-12,79.3221,142.123,69.048,114.0096
2023-09-13,79.2859,142.427,69.256,114.1471
2023-09-14,79.6086,143.546,69.655,114.2468
2023-09-15,79.974,143.665,69.779,114.1634
2023-09-18,79.7149,143.599,69.668,114.2257
2023-09-20,78.9892,143.015,69.131,114.3068
2023-09-21,78.3447,141.697,68.469,114.3346
2023-09-22,78.0598,142.009,68.346,114.3437
2023-09-25,78.0815,142.168,68.419,114.3926
2023-09-26,78.1724,141.918,68.428,114.3858
2023-09-27,78.4934,143.002,68.641,114.4022
2023-09-29,78.4038,143.71,68.636,114.3746
2023-10-03,78.2061,144.532,68.611,114.4257
2023-10-04,77.7626,142.399,67.971,114.4301
2023-10-05,78.055,142.353,68.395,114.5152
2023-10-06,78.5288,143.133,68.645,114.2282
2023-10-09,77.8645,141.261,67.982,114.2335
2023-10-10,78.5129,142.969,68.649,114.2773
2023-10-11,79.0359,143.576,69.016,114.3772
2023-10-12,79.0401,143.848,69.059,114.4277
2023-10-13,78.8657,143.807,68.855,114.4576
2023-10-16,78.8131,144.101,68.864,114.515
2023-10-17,79.1581,144.756,69.169,114.5336
2023-10-18,78.6525,143.93,68.682,114.5264
2023-10-19,78.4839,143.85,68.59,114.5085
2023-10-20,77.9583,142.417,67.942,114.5203
2023-10-23,76.9622,139.339,66.833,114.5561
2023-10-25,76.371,138.532,66.461,114.6385
2023-10-26,75.5283,137.063,65.719,114.6543
2023-10-27,76.1516,139.51,66.393,114.6755
2023-10-30,76.3506,139.654,66.548,114.7213
2023-10-31,76.0747,140.044,66.367,114.7532
2023-11-01,75.8525,140.259,65.919,114.7619
2023-11-02,76.4233,141.521,66.485,114.8598
2023-11-03,76.7743,142.333,66.941,114.9185
2023-11-06,77.5452,143.327,67.708,114.9939
2023-11-07,77.549,143.863,67.765,115.0481
2023-11-08,77.802,145.405,68.03,115.097
2023-11-09,77.6062,145.297,67.9,115.1482
2023-11-10,77.789,145.907,67.99,115.1099
2023-11-13,77.7344,147.091,68.175,115.1762
2023-11-15,78.5944,148.402,68.894,115.3184
2023-11-16,78.7996,149.326,69.075,115.359
2023-11-17,78.7959,149.562,69.114,115.4046
2023-11-20,78.5815,149.393,68.68,115.4124
2023-11-21,78.8286,149.479,68.786,115.3462
2023-11-22,78.9655,149.125,68.741,115.3956
2023-11-23,78.9027,149.297,68.604,115.3838
2023-11-24,78.8806,149.141,68.718,115.3487
2023-11-28,79.0701,149.482,69.009,115.4606
2023-11-29,79.6914,150.597,69.685,115.5248
2023-11-30,80.0796,151.299,70.017,115.5118
2023-12-01,80.6394,153.022,70.641,115.4928
2023-12-04,82.2141,155.291,71.963,115.5786
2023-12-05,82.3808,155.513,72.285,115.6087
2023-12-06,82.6448,156.238,72.569,115.6714
2023-12-07,82.577,156.615,72.8,115.7012
2023-12-08,82.619,156.557,72.846,115.6975
2023-12-11,82.8273,157.484,73.173,115.7213
2023-12-12,82.473,157.395,73.096,115.7387
2023-12-13,82.6881,158.637,73.24,115.7767
2023-12-14,83.6491,159.885,74.0,115.9449
2023-12-15,84.0546,160.694,74.608,116.0675
2023-12-18,84.0961,160.805,74.75,116.1498
2023-12-19,84.0692,160.326,74.778,116.146
2023-12-20,82.8711,155.863,73.41,116.1637
2023-12-21,83.3134,157.206,73.816,116.1666
2023-12-22,83.8702,158.213,74.377,116.1862
2023-12-26,84.2281,159.199,74.87,116.29
2023-12-27,85.0513,159.613,75.466,116.2785
2023-12-28,85.4602,160.646,75.865,116.2869
2023-12-29,85.5209,161.481,75.942,108.2404
2024-01-01,85.4006,161.96,75.964,108.2962
2024-01-02,85.1343,161.173,75.464,108.302
2024-01-03,84.8522,161.705,75.217,108.3033
2024-01-04,85.5689,163.202,75.805,108.3068
2024-01-05,85.6147,163.504,76.062,108.2934
2024-01-08,84.9052,161.787,75.183,108.4013
2024-01-09,85.0638,162.476,75.32,108.4351
2024-01-10,85.2004,162.685,75.399,108.4687
2024-01-11,85.3244,163.882,75.665,108.4768
2024-01-12,85.8149,164.916,76.213,108.5277
2024-01-15,86.2032,165.744,76.687,108.6546
2024-01-16,86.0646,164.832,76.504,108.6565
2024-01-17,84.4554,163.218,75.118,108.6641
2024-01-18,84.1101,163.813,75.19,108.6691
2024-01-19,84.7262,166.076,75.982,108.6634
2024-01-23,83.4459,162.878,74.699,108.756
2024-01-24,84.0899,165.665,75.463,108.7584
2024-01-25,83.9082,164.653,74.945,108.7795
2024-01-29,84.9257,167.147,75.762,108.8663
2024-01-30,84.067,166.769,75.258,108.9094
2024-01-31,84.8028,168.965,76.137,108.9501
2024-02-01,84.6754,168.612,76.101,109.1334
2024-02-02,84.7062,169.762,76.567,109.2484
2024-02-05,84.3352,169.768,75.982,109.2279
2024-02-06,84.9493,171.799,76.908,109.2489
2024-02-07,85.1719,172.157,76.934,109.2938
2024-02-08,84.2471,172.215,76.378,109.2929
2024-02-09,84.4958,170.418,76.329,109.2569
2024-02-12,83.7336,167.786,75.377,109.3183
2024-02-13,83.9945,168.565,75.729,109.3221
2024-02-14,84.2448,169.948,76.414,109.2938
2024-02-15,84.4205,171.06,76.732,109.3771
2024-02-16,85.0215,172.816,77.219,109.393
2024-02-19,85.3124,173.193,77.485,
2024-02-20,85.4667,172.758,77.632,109.5383
2024-02-21,85.0339,171.219,77.286,109.5846
2024-02-22,85.7241,172.371,78.058,109.6091
2024-02-23,85.9014,172.989,78.306,109.6186
2024-02-26,85.6122,172.588,78.11,109.7161
2024-02-27,85.8384,173.176,78.234,109.7147
2024-02-28,84.7863,170.557,77.268,109.7569
2024-02-29,85.0313,171.367,77.647,109.7711
2024-03-01,86.1056,172.266,78.868,109.7834
2024-03-04,86.1929,173.36,79.438,109.8436
2024-03-05,85.9455,173.014,79.367,109.8552
2024-03-06,86.2551,172.336,79.27,109.9177
2024-03-07,86.4838,173.136,79.545,109.9624
2024-03-11,86.1707,172.34,79.141,110.12
2024-03-12,85.8566,170.694,78.711,110.1246
2024-03-13,84.7284,164.192,76.882,110.1303
2024-03-14,85.4425,167.458,77.822,110.1196
2024-03-15,85.1005,166.469,77.36,110.1319
2024-03-18,85.2728,165.789,77.622,110.144
2024-03-19,84.6088,163.853,76.633,110.114
2024-03-20,84.7602,163.449,76.791,110.1485
2024-03-21,85.7352,166.922,77.95,110.2046
2024-03-22,86.4049,167.717,78.471,110.1729
2024-03-26,86.5277,169.298,78.755,110.1903
2024-03-27,87.0319,169.848,78.897,102.5361
2024-03-28,87.8153,171.266,79.585,102.7096
2024-03-31,87.8114,171.263,79.581,102.7632
2024-04-01,88.4656,173.672,80.544,
2024-04-02,88.4836,175.553,80.91,102.7608
2024-04-03,88.3021,176.167,80.919,102.7932
2024-04-04,88.5101,176.676,81.019,102.831
2024-04-05,88.6022,177.551,81.267,102.8278
2024-04-08,89.1796,177.264,81.901,102.7894
2024-04-09,89.2378,176.772,81.923,
2024-04-10,89.5334,177.961,82.46,102.8998
2024-04-12,88.8298,177.431,81.603,102.7853
2024-04-15,87.8143,174.764,80.748,102.8695
2024-04-16,87.5268,174.098,80.372,102.834
2024-04-18,87.222,173.977,80.066,102.878
2024-04-19,87.6363,173.274,80.429,102.785
2024-04-22,88.2671,174.094,81.22,102.8818
2024-04-23,88.5191,174.397,81.395,102.9532
2024-04-24,88.8571,175.527,81.834,102.9549
2024-04-25,88.8355,175.875,82.524,102.9493
2024-04-26,88.3315,176.259,82.462,102.9593
2024-04-29,89.0366,177.841,83.206,103.0161
2024-04-30,89.0997,178.674,83.182,103.0514
2024-05-02,89.2327,180.18,83.574,103.1097
2024-05-03,88.8694,179.335,82.895,103.16
2024-05-06,89.2685,177.994,82.49,103.3135
2024-05-07,88.8312,175.618,81.372,103.3251
2024-05-08,88.8827,176.765,82.104,103.3191
2024-05-09,87.5857,174.296,80.817,103.3271
2024-05-10,88.0627,175.219,81.279,103.3607
2024-05-13,88.4972,175.664,81.459,103.4188
2024-05-14,88.9088,176.709,82.184,103.4525
2024-05-15,88.9202,178.535,82.737,103.5312
2024-05-16,89.7422,180.647,83.263,103.618
2024-05-17,90.1791,182.792,84.121,103.6086
2024-05-21,90.2523,184.634,85.047,103.7247
2024-05-22,90.6545,185.272,85.455,103.7992
2024-05-23,91.7297,185.764,86.721,
2024-05-24,91.6308,186.151,86.855,103.871
2024-05-27,91.7887,186.981,86.838,103.9153
2024-05-28,91.6552,186.157,86.382,103.9118
2024-05-29,91.0997,185.41,85.724,103.8954
2024-05-30,90.594,183.321,85.242,103.9279
2024-05-31,90.5107,183.215,85.384,103.9547
2024-06-03,92.807,187.916,88.642,104.0983
2024-06-04,88.6525,175.447,81.929,103.8414
2024-06-05,91.4533,182.552,84.59,103.9001
2024-06-06,92.3396,185.793,85.797,103.9979
2024-06-07,93.6512,188.193,87.19,104.0351
2024-06-10,93.6631,189.241,87.682,104.0928
2024-06-11,93.6164,189.712,87.919,104.1556
2024-06-12,94.0177,191.611,88.463,104.1778
2024-06-13,94.6499,193.59,89.047,104.2366
2024-06-14,95.3229,196.157,89.747,104.2704
2024-06-18,95.5594,196.888,89.994,104.3524
2024-06-19,95.2014,195.573,89.51,104.3994
2024-06-20,95.4223,196.932,89.92,104.432
2024-06-21,95.0537,196.326,89.496,104.4713
2024-06-24,95.462,196.03,89.711,117.8708
2024-06-25,95.8824,195.872,89.912,104.5405
2024-06-26,96.2159,195.111,90.184,104.5187
2024-06-27,96.8441,194.958,90.707,104.5382
2024-06-28,96.4634,196.372,90.708,104.574
2024-06-30,96.4599,,,104.6136
2024-07-01,97.071,198.855,91.262,104.6276
2024-07-02,96.809,197.921,91.121,104.6724
2024-07-03,97.4466,199.748,91.81,104.7114
2024-07-04,97.6009,200.7,92.119,104.745
2024-07-05,97.9323,201.369,92.691,104.7786
2024-07-08,97.7341,200.575,92.605,104.8485
2024-07-09,98.2963,201.722,93.061,104.8761
2024-07-10,97.9903,201.363,92.542,104.9009
2024-07-11,97.7984,201.658,92.589,104.9227
2024-07-12,98.146,201.766,92.842,104.9292
2024-07-15,98.5235,203.221,93.287,105.0151
2024-07-16,98.7117,203.417,93.084,105.0855
2024-07-18,99.2616,202.567,92.915,105.1452
2024-07-19,98.2298,198.778,91.461,105.1758
2024-07-22,98.291,201.385,92.042,105.223
2024-07-23,98.1982,200.815,91.385,105.2253
2024-07-24,98.1297,203.142,91.415,105.2595
2024-07-25,98.2457,202.576,91.243,105.3408
2024-07-26,99.8735,205.79,92.956,105.4135
2024-07-29,100.0318,206.845,93.511,105.5119
2024-07-30,99.9995,207.667,93.618,105.5094
2024-07-31,100.4128,208.753,94.131,105.5109
2024-08-01,100.214,207.349,93.987,105.5455
2024-08-02,99.0401,204.858,92.757,105.5909
2024-08-05,96.4538,199.062,89.829,105.7262
2024-08-06,96.2337,198.226,89.454,105.7253
2024-08-07,97.4866,202.013,91.069,105.7549
2024-08-08,96.8423,201.042,90.447,105.7637
2024-08-09,97.6345,201.966,91.02,105.7861
2024-08-12,97.5906,201.175,90.805,105.8262
2024-08-13,96.9558,199.536,89.701,105.8532
2024-08-14,97.0433,199.195,89.537,105.8943
2024-08-16,98.5871,201.877,91.01,105.9116
2024-08-19,98.5959,202.485,91.098,105.9818
2024-08-20,99.289,204.32,91.504,106.0252
2024-08-21,99.6997,205.237,91.761,106.0518
2024-08-22,99.9541,206.074,92.25,106.0858
2024-08-23,99.7703,205.35,92.193,106.1127
2024-08-26,100.38,206.598,92.612,106.1703
2024-08-27,100.5582,206.859,92.578,106.1953
2024-08-28,100.6184,206.555,92.5,106.2365
2024-08-29,100.7004,205.803,92.413,106.2648
2024-08-30,101.1697,207.472,93.035,106.2668
2024-08-31,101.1684,,,
2024-09-02,101.1973,207.745,93.015,106.3054
2024-09-03,101.2726,208.905,93.064,106.3329
2024-09-04,101.1045,208.652,93.084,106.3754
2024-09-05,101.1463,210.251,93.129,106.4059
2024-09-06,100.0078,208.42,91.896,106.4146
2024-09-09,100.3996,207.422,92.042,106.4667
2024-09-10,100.7425,209.877,92.64,106.4902
2024-09-11,100.5474,208.802,92.346,106.5512
2024-09-12,102.3186,211.153,93.995,106.5827
2024-09-13,102.3658,212.057,93.928,106.6573
2024-09-16,102.4553,211.877,94.153,106.7623
2024-09-17,102.724,212.149,94.2,106.7639
2024-09-18,102.5746,209.839,93.918,
2024-09-19,102.7369,209.877,93.561,106.8809
2024-09-20,104.4123,211.294,94.629,106.929
2024-09-23,105.0604,213.506,95.348,107.0237
2024-09-24,105.0401,213.999,95.518,107.0466
2024-09-25,104.9967,213.423,95.479,107.1126
2024-09-26,105.7929,213.859,96.045,107.1966
2024-09-27,105.5046,213.612,95.946,107.1769
2024-09-30,104.4436,213.171,94.897,107.225
2024-10-01,104.4904,213.943,95.104,107.3237
2024-10-03,102.3604,209.763,93.365,107.3076
2024-10-04,101.4593,207.532,92.57,107.2257
2024-10-07,100.5173,204.307,91.058,107.2487
2024-10-08,101.5187,207.848,92.243,107.3126
2024-10-09,101.9576,209.61,92.662,107.4772
2024-10-10,101.9044,208.999,92.704,107.504
2024-10-11,101.9562,209.56,92.78,107.5265
2024-10-14,102.6849,210.495,92.995,107.6186
2024-10-15,102.5724,211.669,93.134,107.6534
2024-10-16,102.3436,211.274,92.684,107.6535
2024-10-17,101.3402,208.521,91.681,107.6503
2024-10-18,101.6012,209.021,92.121,107.6158
2024-10-21,101.0045,206.514,91.522,107.6357
2024-10-22,99.7018,201.876,89.781,107.5869
2024-10-23,99.445,203.366,89.866,107.6336
2024-10-24,99.2104,203.078,89.761,107.674
2024-10-25,98.5607,200.808,88.918,107.6909
2024-10-28,98.991,202.488,89.093,107.6861
2024-10-29,99.6626,204.281,89.696,107.725
2024-10-30,99.2075,204.482,89.616,107.7881
2024-10-31,98.8299,204.576,89.394,107.8015
2024-11-04,98.266,202.87,88.711,107.8739
2024-11-05,98.8345,203.816,89.453,107.8874
2024-11-06,100.0824,207.164,91.025,107.8879
2024-11-07,99.1768,206.336,90.431,107.9237
2024-11-08,98.9795,204.985,89.725,107.9884
2024-11-11,98.6877,203.85,89.832,108.0457
2024-11-12,97.4926,202.309,88.756,108.0534
2024-11-13,95.8898,198.048,87.17,108.0513
2024-11-14,96.0584,199.426,87.616,108.0265
2024-11-18,95.9132,198.401,87.095,108.1144
2024-11-19,96.1643,199.669,87.21,108.1459
2024-11-21,95.5899,198.882,86.775,108.1547
2024-11-22,97.3919,200.752,88.405,108.1301
2024-11-25,98.6076,204.124,89.832,108.2199
2024-11-26,98.7789,204.551,89.991,108.234
2024-11-27,98.8176,204.77,90.507,108.2186
2024-11-28,97.8404,204.235,89.966,108.248
2024-11-29,98.5978,205.507,90.6,108.3481
2024-11-30,98.5964,,,
2024-12-02,99.2215,206.72,91.161,108.547
2024-12-03,99.7513,208.642,91.942,108.5772
2024-12-04,99.9565,210.541,92.229,108.6652
2024-12-05,100.5774,210.772,93.113,108.7127
2024-12-06,100.5382,211.611,93.11,108.6492
2024-12-09,100.3271,212.574,93.065,108.7124
2024-12-10,100.5258,213.27,93.271,108.7512
2024-12-11,100.7013,213.513,93.417,108.7714
2024-12-12,100.4154,213.004,92.933,108.76
2024-12-13,101.0179,212.915,93.52,108.7654
2024-12-16,100.8734,214.126,93.513,108.8176
2024-12-17,99.5475,212.239,92.386,102.2788
2024-12-18,99.1063,210.991,91.607,102.3051
2024-12-19,98.2956,210.875,90.957,102.2319
2024-12-20,96.9531,206.698,89.551,102.2299
2024-12-23,97.4078,207.014,89.969,102.2971
2024-12-24,97.3738,207.408,89.947,102.276
2024-12-26,97.4094,207.782,89.982,102.3057
2024-12-27,97.4785,207.732,89.729,102.3377
2024-12-30,96.7641,208.901,89.018,102.3935
2024-12-31,96.8406,209.077,89.246,102.4261
2025-01-01,97.2185,209.098,89.499,102.4373
2025-01-02,98.9731,211.223,90.628,102.4411
2025-01-03,98.4665,210.939,89.983,102.4734
2025-01-06,96.8888,206.217,88.296,102.5428
2025-01-07,97.1241,207.124,88.578,102.5942
2025-01-08,96.8522,204.985,88.025,102.5842
2025-01-09,96.2545,203.626,87.835,102.5669
2025-01-10,95.5749,200.567,86.911,102.5788
2025-01-13,93.8253,193.758,84.8,102.479
2025-01-14,94.6293,196.352,85.636,102.5067
2025-01-15,94.831,196.768,86.092,102.5547
2025-01-16,95.3127,198.762,86.911,102.6846
2025-01-17,95.015,198.216,86.65,102.6971
2025-01-20,95.5695,199.234,87.086,102.7722
2025-01-21,94.3075,196.363,85.684,102.833
2025-01-22,94.4746,194.886,85.373,102.882
2025-01-23,94.8458,197.604,86.02,102.8828
2025-01-24,94.2853,194.563,85.317,102.9
2025-01-27,93.1372,190.002,83.879,103.0191
2025-01-28,93.4472,189.346,84.09,103.0551
2025-01-29,94.4373,193.404,85.306,103.0631
2025-01-30,94.7045,193.484,85.852,103.0995
2025-01-31,95.5128,195.306,86.909,103.1194
2025-02-03,95.4096,193.041,85.569,103.2079
2025-02-04,96.7681,195.631,86.816,103.2096
2025-02-05,96.3599,197.587,86.935,103.2887
2025-02-06,95.99,196.219,86.258,103.3557
2025-02-07,95.633,196.636,86.279,103.2983
2025-02-10,94.9849,193.168,85.543,103.3119
2025-02-11,93.3979,188.393,84.009,103.3491
2025-02-12,93.3384,187.544,83.946,103.3327
2025-02-13,93.2736,187.871,83.894,103.3413
2025-02-14,92.6709,184.343,82.856,103.3587
2025-02-17,92.4836,184.794,82.896,103.4024
2025-02-18,92.475,184.291,82.811,103.428
2025-02-19,92.8073,186.039,83.47,
2025-02-20,92.7728,187.775,83.932,103.4473
2025-02-21,92.2747,185.65,83.382,103.4606
2025-02-24,91.3892,184.079,82.573,103.523
2025-02-25,91.3119,183.104,82.293,103.5311
2025-02-27,91.1182,182.39,81.997,103.475
2025-02-28,89.4588,178.626,80.386,103.4542
2025-03-03,89.6964,178.67,80.596,103.4915
2025-03-04,89.5754,178.242,80.943,103.4961
2025-03-05,90.7129,182.77,82.06,103.5156
2025-03-06,91.4271,184.163,82.78,103.577
2025-03-07,91.5438,183.279,82.811,103.5932
2025-03-10,91.0034,181.349,82.262,103.6318
2025-03-11,91.3463,181.318,82.353,103.6633
2025-03-12,91.3634,180.444,82.189,103.6937
2025-03-13,91.0915,178.72,81.906,103.7314
2025-03-17,91.3493,179.946,82.395,103.8183
2025-03-18,92.7877,183.55,83.748,103.8685
2025-03-19,93.1446,186.667,84.637,103.9843
2025-03-20,94.2351,188.315,85.662,104.0851
2025-03-21,94.9517,190.675,86.227,104.1787
2025-03-24,96.1721,192.757,87.191,104.2711
2025-03-25,96.0672,191.35,86.957,104.3152
2025-03-26,95.424,189.936,86.262,104.4275
2025-03-27,95.9369,191.291,87.032,104.5887
2025-03-28,95.6577,190.726,86.942,104.798
2025-03-31,95.6547,190.72,86.939,104.8517
2025-04-01,94.1283,188.3,85.744,
2025-04-02,94.8548,189.787,86.267,105.2693
2025-04-03,94.5277,189.681,86.163,105.407
2025-04-04,92.9521,184.712,84.495,105.4731
2025-04-07,89.9794,179.056,81.692,105.4895
2025-04-08,91.4264,181.742,83.21,105.4798
2025-04-09,90.9926,180.45,82.725,105.595
2025-04-11,92.5872,183.577,84.179,105.7166
2025-04-15,94.8504,188.529,86.482,105.8256
2025-04-16,95.3747,190.178,86.765,105.9138
2025-04-17,96.7335,191.421,88.009,106.0393
2025-04-21,97.9781,194.352,89.361,106.1959
2025-04-22,98.0968,195.51,89.626,106.2867
2025-04-23,98.4562,197.122,90.293,106.3557
2025-04-24,98.1624,197.241,90.2,106.3431
2025-04-25,97.2339,194.244,88.828,106.2928
2025-04-28,98.3357,195.999,89.958,106.3422
2025-04-29,98.4023,196.381,90.149,106.4231
2025-04-30,98.5951,195.45,89.937,106.4272
2025-05-02,98.3989,194.99,89.843,106.4573
2025-05-05,98.7375,197.523,90.337,106.5451
2025-05-06,98.2809,194.533,89.574,106.5085
2025-05-07,98.5802,196.428,90.14,106.5585
2025-05-08,97.9286,194.013,89.186,106.3466
2025-05-09,97.1911,193.533,88.986,106.2789
2025-05-12,100.505,199.462,91.951,
2025-05-13,99.481,200.003,91.447,106.6661
2025-05-14,99.8669,202.603,92.075,106.7901
2025-05-15,100.9392,203.713,93.341,106.9055
2025-05-16,101.2354,205.197,93.722,107.0688
2025-05-19,101.3343,205.708,93.688,107.1766
2025-05-20,100.2982,203.771,92.497,107.2867
2025-05-21,100.9111,205.363,93.362,107.4878
2025-05-22,100.31,205.023,93.104,107.5193
2025-05-23,101.0597,206.302,93.871,107.5534
2025-05-26,101.5595,206.696,94.211,107.6218
2025-05-27,101.0329,206.931,93.696,107.6329
2025-05-28,100.8008,207.167,93.855,107.6822
2025-05-29,101.0965,207.48,94.031,107.6883
2025-05-30,100.9978,206.904,93.761,107.657
2025-05-31,100.996,,,
2025-06-02,100.7829,208.154,93.983,107.7103
2025-06-03,100.2164,207.526,93.732,107.7345
2025-06-04,100.5807,208.459,94.332,107.7469
2025-06-05,101.1362,209.242,94.969,107.7812
2025-06-06,101.9479,210.705,95.557,108.0092
2025-06-09,102.4559,212.978,96.258,107.886
2025-06-10,102.3533,213.109,96.308,107.6421
2025-06-11,102.4536,212.554,96.276,107.5439
2025-06-12,101.5078,209.783,95.146,107.4825
2025-06-13,100.856,209.042,94.7,107.3575
2025-06-16,101.5726,210.874,95.646,107.4387
2025-06-17,101.1807,210.132,95.211,107.5644
2025-06-18,101.0793,210.016,94.997,107.5716
2025-06-19,100.744,207.644,94.51,107.4465
2025-06-20,101.8155,209.226,95.481,107.4384
2025-06-23,101.4241,209.361,95.516,107.4577
2025-06-24,101.8324,211.266,95.855,107.5733
2025-06-25,102.4936,212.704,96.24,107.511
2025-06-26,103.7126,213.831,97.29,107.5011
2025-06-27,104.4028,214.426,97.853,107.4878
2025-06-30,104.1716,216.474,97.964,107.5767
2025-07-01,104.1081,216.604,97.879,107.6624
2025-07-02,103.8696,216.834,97.829,107.7677
2025-07-03,103.7192,216.556,97.607,107.8552
2025-07-04,104.002,217.529,98.02,107.8466
2025-07-07,104.116,217.42,97.734,107.9243
2025-07-08,104.5734,217.446,97.958,107.9198
2025-07-09,104.5148,217.447,97.818,107.8924
2025-07-10,103.8312,216.612,97.275,107.8928
2025-07-11,103.2761,215.905,96.58,107.9125
2025-07-14,103.1953,216.835,96.4,107.9617
2025-07-15,103.5039,218.593,96.941,107.962
2025-07-16,103.4744,218.734,96.914,107.9658
2025-07-17,103.2477,218.853,96.69,108.0272
2025-07-18,102.5862,217.979,95.935,108.1161
2025-07-21,103.0422,218.204,96.406,108.1729
2025-07-22,102.9547,217.502,96.605,108.1979
2025-07-23,103.3768,217.842,96.982,108.2277
2025-07-24,102.9132,216.847,96.677,108.2573
2025-07-25,101.9896,214.192,95.658,108.1982
2025-07-28,101.4409,213.152,95.127,108.2193
2025-07-29,102.0934,214.366,95.605,108.1828
2025-07-30,102.5138,214.733,95.735,108.1757
2025-07-31,102.1782,213.543,95.238,108.2167
2025-08-01,101.4208,210.433,94.007,108.2952
2025-08-04,101.9718,212.022,94.853,108.4355
2025-08-05,101.5528,211.303,94.705,108.4412
2025-08-06,101.139,209.07,94.204,108.2153
2025-08-07,101.1904,210.196,94.285,108.2611
2025-08-08,99.9825,208.66,93.28,108.2726
2025-08-11,100.6503,209.808,94.08,108.2018
2025-08-12,100.2548,209.873,93.882,108.049
2025-08-13,100.8756,210.62,94.499,107.9901
2025-08-14,100.9683,210.619,94.411,108.1543
2025-08-18,101.9538,212.99,95.3,108.1271
2025-08-19,102.6222,213.959,95.632,108.0083
2025-08-20,102.8622,214.837,95.763,108.0899
2025-08-21,103.0328,214.333,95.692,108.0985
2025-08-22,102.2005,214.055,95.102,108.1096
2025-08-25,102.5201,213.977,95.319,108.1037
2025-08-26,101.6911,211.708,94.203,107.9266
2025-08-28,100.7659,210.116,93.257,108.066
2025-08-29,100.581,209.335,93.048,108.0297
2025-08-31,100.577,,,
2025-09-01,101.453,211.766,94.081,108.0373
2025-09-02,101.3975,212.253,94.285,108.0088
2025-09-03,101.9043,213.155,94.835,108.0471
2025-09-04,101.8507,211.92,94.433,108.1379
2025-09-05,101.8773,211.634,94.249,108.245
2025-09-08,102.0967,211.986,94.431,
2025-09-09,102.4629,212.848,94.619,108.3519
2025-09-10,102.8564,215.014,95.239,108.3574
2025-09-11,102.8604,215.465,95.309,108.369
2025-09-12,103.2028,215.358,95.866,108.4006
2025-09-15,103.1848,215.615,95.958,108.3802
2025-09-16,103.936,217.027,96.609,108.3787
2025-09-17,104.0495,217.233,97.133,108.4538
2025-09-18,104.5126,218.333,97.336,108.4552
2025-09-19,104.2415,218.769,97.052,108.4428
2025-09-22,103.6804,216.406,96.612,108.5131
2025-09-23,103.424,215.912,96.636,108.5708
2025-09-24,102.909,214.521,95.979,108.5859
2025-09-25,102.2711,213.332,95.579,108.617
2025-09-26,101.2759,210.143,94.309,108.6702
2025-09-30,101.1985,211.773,94.621,108.7397
2025-10-01,101.8592,212.457,95.186,108.8285
2025-10-03,102.3071,213.642,95.787,108.9591
2025-10-06,102.698,215.389,96.438,109.0926
2025-10-07,102.851,215.969,96.484,109.2045
2025-10-08,102.3824,215.6,96.129,109.2524
2025-10-09,102.9945,216.544,96.803,109.2597
2025-10-10,103.4407,217.337,97.137,109.2852
2025-10-13,103.1421,216.977,97.055,109.3763
2025-10-14,102.8748,216.044,96.565,109.4088
2025-10-15,103.6486,218.098,97.302,109.4754
2025-10-16,104.6085,218.556,98.094,109.5131
2025-10-17,104.909,217.991,98.013,109.5844
2025-10-20,105.2529,220.059,98.589,109.6155
2025-10-23,105.3955,220.415,98.598,109.5817
2025-10-24,105.1347,219.563,98.283,109.5673
2025-10-27,105.6258,221.623,98.887,109.6125
2025-10-28,105.6021,221.825,98.744,109.6404
2025-10-29,106.2858,222.518,99.008,109.6934
2025-10-30,105.6382,222.577,98.511,109.6521
2025-10-31,104.9939,221.524,98.089,109.6768
2025-11-03,105.3307,223.347,98.407,109.7548
2025-11-04,104.7867,223.506,97.695,109.7941
2025-11-06,104.4638,221.161,96.821,109.8337
2025-11-07,104.3705,221.567,97.006,109.8609
2025-11-10,104.6537,222.303,97.183,109.925
2025-11-11,104.9893,222.608,97.927,109.961
2025-11-12,105.4128,224.607,98.553,109.9947
2025-11-13,105.61,224.351,98.451,109.9907
2025-11-14,105.4512,224.345,98.563,109.9725
2025-11-17,105.7972,226.08,99.09,109.9756
2025-11-18,105.3602,224.791,98.654,110.0205
2025-11-19,105.8057,225.472,98.944,110.0771
2025-11-20,106.2282,225.649,99.324,110.0882
2025-11-21,105.6011,223.281,98.604,110.0708
2025-11-24,105.3874,223.442,98.04,110.1322
2025-11-25,105.3628,224.146,98.089,110.1924
2025-11-26,106.6403,226.261,99.272,110.2658
2025-11-27,106.7421,226.082,99.218,110.2743
2025-11-28,106.6855,226.069,99.141,110.2615
2025-11-30,106.6818,,,
2025-12-01,106.6529,225.84,99.112,110.211
2025-12-02,106.3743,225.889,98.664,110.2349
2025-12-03,106.1084,224.194,98.117,110.2362
2025-12-04,106.2403,224.265,98.14,110.235
2025-12-05,106.7188,224.68,98.455,110.3373
2025-12-08,105.8002,221.483,97.081,110.3299
2025-12-09,105.5228,222.55,97.023,110.1852
2025-12-10,105.2807,221.139,96.574,110.0466
2025-12-11,105.8725,221.622,97.031,110.0609
2025-12-12,106.4796,223.398,97.917,110.0652
2025-12-15,106.4473,223.775,98.003,109.9944
2025-12-16,105.8885,222.449,97.122,110.0261
2025-12-17,105.6759,222.001,97.062,110.0266
2025-12-18,105.6702,222.128,97.0,110.0195
2025-12-19,106.3037,224.13,97.734,110.0403
2025-12-22,106.958,225.488,98.566,110.0241
2025-12-23,107.0651,224.885,98.616,109.9954
2025-12-24,106.7682,223.507,98.457,110.2079
2025-12-26,106.4805,222.776,98.107,110.2247
2025-12-29,106.3181,222.41,97.746,110.2799
2025-12-30,106.23,222.385,97.665,110.2176
2025-12-31,107.0032,224.745,98.543,110.3212
